HLA_Name,HLA_Seq
HLA-DPB1*13:01,MMVLQVSAAPRTVALTALLMVLLTSVVQGRATPENYVYQLRQECYAF*******NGTQRFLERYIYNREEYARFDSDVGEFRAVTELGRPAAEYWNSQKDILEEERAVPDRICRHNYELDEAVTLQRR*******VQPKVNVSPSKKGPLQHHNLLVCHVTDFYPGSIQVRWFLNGQEETAGVVSTNLIRNGDWTFQILVMLEMTPQQGDVYICQVEHTSLDSPVTVE*WKAQSDSARSKTLTGAGGFVLGLIICGVGIFMHRRSKKVQRGSA
HLA-DQA1*01:01,MILNKALLLGALALTTVMSPCGGEDIVADHVASCGVNLYQFYGPSGQYTHEFDGDEEFYVDLERKE*TAWRWPEFSKFGGFDPQGALRNMAVAKHNLNIMIKRYNSTAATNEVPEVTVFSKSPVTLGQPNTLICLVDNIFPPVVNITWLSNGQSVTEGVSETSFLSKSDHSFFKISYLTFLPSADEIYDCKVEHWGLDQPLLKHWEPEIPAPMSELTETVVCALGLSVGLVGIVVGTVFIIQGLRSVGASRHQGPL
HLA-DQA1*01:02,MILNKALLLGALALTTVMSPCGGEDIVADHVASCGVNLYQFYGPSGQYTHEFDGDEQFYVDLERKE*TAWRWPEFSKFGGFDPQGALRNMAVAKHNLNIMIKRYNSTAATNEVPEVTVFSKSPVTLGQPNTLICLVDNIFPPVVNITWLSNGQSVTEGVSETSFLSKSDHSFFKISYLTFLPSADEIYDCKVEHWGLDQPLLKHWEPEIPAPMSELTETVVCALGLSVGLMGIVVGTVFIIQGLRSVGASRHQGPL
HLA-DQA1*01:05,MILNKALLLGALALTTMMSPCGGEGIVADHVASCGVNLYQFYGPSGQYTHEFDGDEEFYVDLERKE*TAWRWPEFSKFGGFDPQGALRNMAVAKHNLNIMIKRYNSTAATNEVPEVTVFSKSPVTLGQPNTLICLVDNIFPPVVNITWLSNGQSVTEGVSETSFLSKSDHSFFKISYLTFLPSADEIYDCKVEHWGLDQPLLKHWEPEIPAPMSELTETVVCALGLSVGLVGIVVGTVFIIQGLRSVGASRHQGPL
HLA-DQA1*03:02,MILNKALMLGALALTTVTSPCGGEDIVADHVASYGVNLYQSYGPSGQYSHEFDGDEEFYVDLERKE*TVWQLPLFRRFRRFDPQFALTNIAVLKHNLNIVIKRSNSTAATNEVPEVTVFSKSPVTLGQPNTLICLVDNIFPPVVNITWLSNGHSVTEGVSETSFLSKSDHSFFKISYLTFLPSDDEIYDCKVEHWGLDEPLLKHWEPEIPTPMSELTETVVCALGLSVGLVGIVVGTVLIIRGLRSVGASRHQGPL
HLA-DQA1*03:03,MILNKALMLGALALTTVMSPCGGEDIVADHVASYGVNLYQSYGPSGQYSHEFDGDEEFYVDLERKE*TVWQLPLFRRFRRFDPQFALTNIAVLKHNLNIVIKRSNSTAATNEVPEVTVFSKSPVTLGQPNTLICLVDNIFPPVVNITWLSNGHSVTEGVSETSFLSKSDHSFFKISYLTFLPSDDEIYDCKVEHWGLDEPLLKHWEPEIPTPMSELTETVVCALGLSVGLVGIVVGTVLIIRGLRSVGASRHQGPL
HLA-DQA1*05:05,MILNKALMLGTLALTTVMSPCGGEDIVADHVASYGVNLYQSYGPSGQYTHEFDGDEQFYVDLGRKE*TVWCLPVLRQFR*FDPQFALTNIAVLKHNLNSLIKRSNSTAATNEVPEVTVFSKSPVTLGQPNILICLVDNIFPPVVNITWLSNGHSVTEGVSETSFLSKSDHSFFKISYLTLLPSAEESYDCKVEHWGLDKPLLKHWEPEIPAPMSELTETVVCALGLSVGLVGIVVGTVFIIRGLRSVGASRHQGPL
HLA-DQB1*05:04,MSWKKSLRIPGDLRVATVTLMLAILSSSLAEGRDSPEDFVYQFKGLCYFTNGTERVRGVTRYIYNREEYVRFDSDVGVYRAVTPQGRPSAEYWNSQKDILEEDRASVDRVCRHNYEVAYRGILQRRVEPTVTISPSRTEALNHHNLLICSVTDFYPSHIKVRWFRNDQEETAGVVSTPLIRNGDWTFQILVMLEMTPQR***GDVYTCHVEHPSLQSPITVEWRAQSESAQSKMLSGVGGFVLGLIFLGLGLIIRQRSRKG********LLH
HLA-DRA*01:01,MAISGVPVLGFFIIAVLMSAQESWAIKEEHVIIQAEFYLNPDQSGEFMFDFDGDEIFHVDMAKKETVWRLEEFGRFASFEAQGALANIAVDKANLEIMTKRSNYTPITNVPPEVTVLTNSPVELREPNVLICFIDKFTPPVVNVTWLRNGKPVTTGVSETVFLPREDHLFRKFHYLPFLPSTEDVYDCRVEHWGLDEPLLKHWEFDAPSPLPETTENVVCALGLTVGLVGIIIGTIFIIKGVRKSNAAERRGPL
HLA-DRB1*01:15,**********************************RFLWQLKFECHFFNGTERVR*LLERCIYNQEE*SVRFDSDVGEYRAVTELGRPDAEYWNSQKD***ILEQARAAVDTYCRHNYGVGESFTVQRR************************************************************************************************************************************************
HLA-DRB1*03:03,**********************************RFLEYSTSECHFFNGTERVR*FLERYFHNQEE*NVRFDSDVGEYRAVTELGRPDAEYWNSQKD***LLEQKRGRVDNYCRHNYGVVESFTVQRR************************************************************************************************************************************************
HLA-DRB1*08:18,MVCLRLPGGSCMAVLTVTLMVLSSPLALAGDTRPRFLEYSTGECYFFNGTERVR*FLDRYFYNQEE*YVRFDSDVGEYRAVTELGRPSAEYWNSQKD***ILEDRRAAVDTYCRHNYGVGESFTVQRR*VHPKVTVYPSKTQPLQHHNLLVCSVSGFYPGSIEVRWFRNGQEEKTGVVSTGLIHNGDWTFQTLVMLETVPRSGEVYTCQVEHPSVTSPLTVEWSARSESAQSKMLSGVGGFVLGLLFLGAGLFIYFRNQKGHSGLQPTGFLS
HLA-DRB1*13:04,MVCLRLPGGSCMAVLTVTLMVLSSPLALAGDTRPRFLEYSTSECHFFNGTERVR*FLDRYFYNQEE*YVRFDSDVGEFRAVTELGRPSAEYWNSQKD***ILEDERAAVDTYCRHNYGVVESFTVQRR*VHPKVTVYPSKTQPLQHHNLLVCSVSGFYPGSIEVRWFRNGQEEKTGVVSTGLIHNGDWTFQTLVMLETVPRSGEVYTCQVEHPSVTSPLTVEWRARSESAQSKMLSGVGGFVLGLLFLGAGLFIYFRNQKGHSGLQPRGFLS
HLA-DRB1*14:07,MVCLRLPGGSCMAVLTVTLMVLSSPLALAGDTRPRFLEYSTSECHFFNGTERVR*FLDRYFHNQEE*FVRFDSDVGEYRAVTELGRPAAEHWNSQKD***LLERRRAEVDTYCRHNYGVGESFTVQRR*VHPKVTVYPSKTQPLQHHNLLVCSVSGFYPGSIEVRWFRNGQEEKTGVVSTGLIHNGDWTFQTLVMLETVPRSGEVYTCQVEHPSVTSPLTVEWRARSESAQSKMLSGVGGFVLGLLFLGAGLFIYFRNQKGHSGLQPRGFLS
HLA-DRB1*15:04,MVCLKLPGGSCMTALTVTLMVLSSPLALSGDTRPRFLWQPKRECHFFNGTERVR*FLDRYFYNQEE*SVRFDSDVGEFRAVTELGRPDAEYWNSQKD***FLEQARAAVDTYCRHNYGVVESFTVQRR*VQPKVTVYPSKTQPLQHHNLLVCSVSGFYPGSIEVRWFLNGQEEKAGMVSTGLIQNGDWTFQTLVMLETVPRSGEVYTCQVEHPSVTSPLTVEWRARSESAQSKMLSGVGGFVLGLLFLGAGLFIYFRNQKGHSGLQPTGFLS
HLA-DRB3*02:01,MVCLKLPGGSSLAALTVTLMVLSSRLAFAGDTRPRFLELLKSECHFFNGTERVR*FLERHFHNQEE*YARFDSDVGEYRAVRELGRPDAEYWNSQKD***LLEQKRGQVDNYCRHNYGVVESFTVQRR*VHPQVTVYPAKTQPLQHHNLLVCSVSGFYPGSIEVRWFRNGQEEKAGVVSTGLIQNGDWTFQTLVMLETFPRSGEVYTCQVEHPSVTSPLTVEWSARSESAQSKMLSGVGGFVLGLLFLGAGLFIYFRNQKGHSGLQPTGFLS
HLA-DRB4*01:02,MVCLKLPGGSCMAALTVTLTVLSSPLALAGDTQPRFLEQAKCECHFLNGTERVW*NLIRYIYNQEE*YARYNSDLGEYQAVTELGRPDAEYWNSQKD***LLERRRAEVGTYCRYNYGVVESFTVQRR*VQPKVTVYPSKTQPLQHHNLLVCSVNGFYPGSIEVRWFRNGQEEKAGVVSTGLIQNGDWTFQTLVMLETVPRSGEVYTCQVEHPSMMSPLTVQWSARSESAQSKMLSGVGGFVLGLLFLGTGLFIYFRNQKGHSGLQPTGLLS
HLA-DPA1*01:03,MRPEDRMFHIRAVILRALSLAFLLSLRGAGAIKADHVSTYAAFVQTHRPTGEFMFEFDEDEMFYVDLDKKETVWHLEEFGQAFSFEAQGGLANIAILNNNLNTLIQRSNHTQATN*DPPEVTVFPKEPVELGQPNTLICHIDKFFPPVLNVTWLCNGELVTEGVAESLFLPRTDYSFHKFHYLTFVPSAEDFYDCRVEHWGLDQPLLKHWEAQEPIQMPETTETVLCALGLVLGLVGIIVGTVLIIKSLRSGHDPRAQGTL
HLA-DPA1*02:01,MRPEDRMFHIRAVILRALSLAFLLSLRGAGAIKADHVSTYAAFVQTHRPTGEFMFEFDEDEQFYVDLDKKETVWHLEEFGRAFSFEAQGGLANIAILNNNLNTLIQRSNHTQAAN*DPPEVTVFPKEPVELGQPNTLICHIDRFFPPVLNVTWLCNGEPVTEGVAESLFLPRTDYSFHKFHYLTFVPSAEDVYDCRVEHWGLDQPLLKHWEAQEPIQMPETTETVLCALGLVLGLVGIIVGTVLIIKSLRSGHDPRAQGPL
HLA-DPA1*02:02,MRPEDRMFHIRAVILRALSLAFLLSLRGAGAIKADHVSTYAMFVQTHRPTGEFMFEFDEDEQFYVDLDKKETVWHLEEFGRAFSFEAQGGLANIAILNNNLNTLIQRSNHTQAAN*DPPEVTVFPKEPVELGQPNTLICHIDRFFPPVLNVTWLCNGEPVTEGVAESLFLPRTDYSFHKFHYLTFVPSAEDVYDCRVEHWGLDQPLLKHWEAQEPIQMPETTETVLCALGLVLGLVGIIVGTVLIIKSLRSGHDPRAQGPL
HLA-DPA1*03:01,MRPEDRMFHIRAVILRALSLAFLLSLRGAGAIKADHVSTYAMFVQTHRPTGEFMFEFDEDEMFYVDLDKKETVWHLEEFGQAFSFEAQGGLANIAISNNNLNTLIQRSNHTQATN*DPPEVTVFPKEPVELGQPNTLICHIDKFFPPVLNVTWLCNGELVTEGVAESLFLPRTDYSFHKFHYLTFVPSAEDFYDCRVEHWGLDQPLLKHWEAQEPIQMPETTETVLCALGLVLGLVGIIVGTVLIIKSLRSGHDPRAQGTL
HLA-DPB1*01:01,MMVLQVSAAPRTVALTALLMVLLTSVVQGRATPENYVYQGRQECYAF*******NGTQRFLERYIYNREEYARFDSDVGEFRAVTELGRPAAEYWNSQKDILEEKRAVPDRVCRHNYELDEAVTLQRR*******VQPKVNVSPSKKGPLQHHNLLVCHVTDFYPGSIQVRWFLNGQEETAGVVSTNLIRNGDWTFQILVMLEMTPQQGDVYICQVEHTSLDSPVTVE*WKAQSDSAQSKTLTGAGGFVLGLIICGVGIFMHRRSKKVQRGSA
HLA-DPB1*02:01,MMVLQVSAAPRTVALTALLMVLLTSVVQGRATPENYLFQGRQECYAF*******NGTQRFLERYIYNREEFVRFDSDVGEFRAVTELGRPDEEYWNSQKDILEEERAVPDRMCRHNYELGGPMTLQRR*******VQPRVNVSPSKKGPLQHHNLLVCHVTDFYPGSIQVRWFLNGQEETAGVVSTNLIRNGDWTFQILVMLEMTPQQGDVYTCQVEHTSLDSPVTVE*WKAQSDSARSKTLTGAGGFVLGLIICGVGIFMHRRSKKVQRGSA
HLA-DPB1*03:01,MMVLQVSAAPRTVALTALLMVLLTSVVQGRATPENYVYQLRQECYAF*******NGTQRFLERYIYNREEFVRFDSDVGEFRAVTELGRPDEDYWNSQKDLLEEKRAVPDRVCRHNYELDEAVTLQRR*******VQPKVNVSPSKKGPLQHHNLLVCHVTDFYPGSIQVRWFLNGQEETAGVVSTNLIRNGDWTFQILVMLEMTPQQGDVYICQVEHTSLDSPVTVE*WKAQSDSARSKTLTGAGGFVLGLIICGVGIFMHRRSKKVQRGSA
HLA-DPB1*04:01,MMVLQVSAAPRTVALTALLMVLLTSVVQGRATPENYLFQGRQECYAF*******NGTQRFLERYIYNREEFARFDSDVGEFRAVTELGRPAAEYWNSQKDILEEKRAVPDRMCRHNYELGGPMTLQRR*******VQPRVNVSPSKKGPLQHHNLLVCHVTDFYPGSIQVRWFLNGQEETAGVVSTNLIRNGDWTFQILVMLEMTPQQGDVYTCQVEHTSLDSPVTVE*WKAQSDSARSKTLTGAGGFVLGLIICGVGIFMHRRSKKVQRGSA
HLA-DPB1*04:02,MMVLQVSAAPRTVALTALLMVLLTSVVQGRATPENYLFQGRQECYAF*******NGTQRFLERYIYNREEFVRFDSDVGEFRAVTELGRPDEEYWNSQKDILEEKRAVPDRMCRHNYELGGPMTLQRR*******VQPRVNVSPSKKGPLQHHNLLVCHVTDFYPGSIQVRWFLNGQEETAGVVSTNLIRNGDWTFQILVMLEMTPQQGDVYTCQVEHTSMDSPVTVE*WKAQSDSARSKTLTGAGGFVLGLIICGVGIFMHRRSKKVQRGSA
HLA-DPB1*05:01,MMVLQVSAAPRTVALTALLMVLLTSVVQGRATPENYLFQGRQECYAF*******NGTQRFLERYIYNREELVRFDSDVGEFRAVTELGRPEAEYWNSQKDILEEKRAVPDRMCRHNYELDEAVTLQRR*******VQPKVNVSPSKKGPLQHHNLLVCHVTDFYPGSIQVRWFLNGQEETAGVVSTNLIRNGDWTFQILVMLEMTPQQGDVYICQVEHTSLDSPVTVE*WKAQSDSARSKTLTGAGGFMLGLIICGVGIFMHRRSKKVQRGSA
HLA-DPB1*06:01,MMVLQVSAAPRTVALTALLMVLLTSVVQGRATPENYVYQLRQECYAF*******NGTQRFLERYIYNREEFVRFDSDVGEFRAVTELGRPDEDYWNSQKDLLEEERAVPDRMCRHNYELDEAVTLQRR*******VQPKVNVSPSKKGPLQHHNLLVCHVTDFYPGSIQVRWFLNGQEETAGVVSTNLIRNGDWTFQILVMLEMTPQQGDVYICQVEHTSLDSPVTVE*WKAQSDSARSKTLTGAGGFVLGLIICGVGIFMHRRSKKVQRGSA
HLA-DPB1*09:01,MMVLQVSAAPRTVALTALLMVLLTSVVQGRATPENYVHQLRQECYAF*******NGTQRFLERYIYNREEFVRFDSDVGEFRAVTELGRPDEDYWNSQKDILEEERAVPDRVCRHNYELDEAVTLQRR*******VQPKVNVSPSKKGPLQHHNLLVCHVTDFYPGSIQVRWFLNGQEETAGVVSTNLIRNGDWTFQILVMLEMTPQQGDVYICQVEHTSLDSPVTVE*WKAQSDSARSKTLTGAGGFVLGLIICGVGIFMHRRSKKVQRGSA
HLA-DPB1*104:01,MMVLQVSAAPRTVALTALLMVLLTSVVQGRATPENYVYQLRQECYAF*******NGTQRFLERYIYNREEFVRFDSDVGEFRAVTELGRPDEDYWNSQKDLLEEKRAVPDRVCRHNYELDEAVTLQRR*******VQPKVNVSPSKKGPLQHHNLLVCHVTDFYPGSIQVRWFLNGQEETAGVVSTNLIRNGDWTFQILVMLEMTPQQGDVYICQVEHTSLDSPVTVE*WKAQSDSARSKTLTGAGGFMLGLIICGVGIFMHRRSKKVQRGSA
HLA-DPB1*10:01,MMVLQVSAAPRTVALTALLMVLLTSVVQGRATPENYVHQLRQECYAF*******NGTQRFLERYIYNREEFVRFDSDVGEFRAVTELGRPDEEYWNSQKDILEEERAVPDRVCRHNYELDEAVTLQRR*******VQPKVNVSPSKKGPLQHHNLLVCHVTDFYPGSIQVRWFLNGQEETAGVVSTNLIRNGDWTFQILVMLEMTPQQGDVYICQVEHTSLDSPVTVE*WKAQSDSARSKTLTGAGGFVLGLIICGVGIFMHRRSKKVQRGSA
HLA-DPB1*11:01,MMVLQVSAAPRTVALTALLMVLLTSVVQGRATPENYVYQLRQECYAF*******NGTQRFLERYIYNRQEYARFDSDVGEFRAVTELGRPAAEYWNSQKDLLEERRAVPDRMCRHNYELDEAVTLQRR*******VQPKVNVSPSKKGPLQHHNLLVCHVTDFYPGSIQVRWFLNGQEETAGVVSTNLIRNGDWTFQILVMLEMTPQQGDVYICQVEHTSLDSPVTVE*WKAQSDSARSKTLTGAGGFVLGLIICGVGIFMHRRSKKVQRGSA
HLA-DPB1*14:01,MMVLQVSAAPRTVALTALLMVLLTSVVQGRATPENYVHQLRQECYAF*******NGTQRFLERYIYNREEFVRFDSDVGEFRAVTELGRPDEDYWNSQKDLLEEKRAVPDRVCRHNYELDEAVTLQRR*******VQPKVNVSPSKKGPLQHHNLLVCHVTDFYPGSIQVRWFLNGQEETAGVVSTNLIRNGDWTFQILVMLEMTPQQGDVYICQVEHTSLDSPVTVE*WKAQSDSARSKTLTGAGGFVLGLIICGVGIFMHRRSKKVQRGSA
HLA-DPB1*15:01,MMVLQVSAAPRTVALTALLMVLLTSVVQGRATPENYVYQGRQECYAF*******NGTQRFLERYIYNRQEYARFDSDVGEFRAVTELGRPAAEYWNSQKDLLEERRAVPDRMCRHNYELVGPMTLQRR*******VQPKVNVSPSKKGPLQHHNLLVCHVTDFYPGSIQVRWFLNGQEETAGVVSTNLIRNGDWTFQILVMLEMTPQQGDVYICQVEHTSLDSPVTVE*WKAQSDSARSKTLTGAGGFVLGLIICGVGTFMHRRSKKVQRGSA
HLA-DPB1*17:01,MMVLQVSAAPRTVALTALLMVLLTSVVQGRATPENYVHQLRQECYAF*******NGTQRFLERYIYNREEFVRFDSDVGEFRAVTELGRPDEDYWNSQKDILEEERAVPDRMCRHNYELDEAVTLQRR*******VQPRVNVSPSKKGPLQHHNLLVCHVTDFYPGSIQVRWFLNGQEETAGVVSTNLIRNGDWTFQILVMLEMTPQQGDVYTCQVEHTSLDSPVTVE*WKAQSDSARSKTLTGAGGFVLGLIICGVGIFMHRRSKKVQRGSA
HLA-DPB1*19:01,MMVLQVSAAPRTVALTALLMVLLTSVVQGRATPENYLFQGRQECYAF*******NGTQRFLERYIYNREEFVRFDSDVGEFRAVTELGRPEAEYWNSQKDILEEERAVPDRICRHNYELDEAVTLQRR*******VQPKVNVSPSKKGPLQHHNLLVCHVTDFYPGSIQVRWFLNGQEETAGVVSTNLIRNGDWTFQILVMLEMTPQQGDVYICQVEHTSLDSPVTVE*WKAQSDSARSKTLTGAGGFMLGLIICGVGIFMHRRSKKVQRGSA
HLA-DPB1*20:01,MMVLQVSAAPRTVALTALLMVLLTSVVQGRATPENYVYQLRQECYAF*******NGTQRFLERYIYNREEFVRFDSDVGEFRAVTELGRPDEDYWNSQKDLLEEKRAVPDRMCRHNYELDEAVTLQRR*******VQPKVNVSPSKKGPLQHHNLLVCHVTDFYPGSIQVRWFLNGQEETAGVVSTNLIRNGDWTFQILVMLEMTPQQGDVYICQVEHTSLDSPVTVE*WKAQSDSARSKTLTGAGGFVLGLIICGVGIFMHRRSKKVQRGSA
HLA-DQA1*01:03,MILNKALLLGALALTTVMSPCGGEDIVADHVASCGVNLYQFYGPSGQFTHEFDGDEQFYVDLEKKE*TAWRWPEFSKFGGFDPQGALRNMAVAKHNLNIMIKRYNSTAATNEVPEVTVFSKSPVTLGQPNTLICLVDNIFPPVVNITWLSNGHAVTEGVSETSFLSKSDHSFFKISYLTFLPSADEIYDCKVEHWGLDQPLLKHWEPEIPAPMSELTETVVCALGLSVGLVGIVVGTVFIIQGLRSVGASRHQGPL
HLA-DQA1*01:04,MILNKALLLGALALTTMMSPCGGEGIVADHVASCGVNLYQFYGPSGQYTHEFDGDEEFYVDLERKE*TAWRWPEFSKFGGFDPQGALRNMAVAKHNLNIMIKRYNSTAATNEVPEVTVFSKSPVTLGQPNTLICLVDNIFPPVVNITWLSNGQSVTEGVSETSFLSKSDHSFFKISYLTFLPSADEIYDCKVEHWGLDQPLLKHWEPEIPAPMSELTETVVCTLGLSVGLVGIVVGTVFIIQGLRSVGASRHQGPL
HLA-DQA1*02:01,MILNKALMLGALALTTVMSPCGGEDIVADHVASYGVNLYQSYGPSGQFTHEFDGDEEFYVDLERKE*TVWKLPLFHRLR*FDPQFALTNIAVLKHNLNILIKRSNSTAATNEVPEVTVFSKSPVTLGQPNTLICLVDNIFPPVVNITWLSNGHSVTEGVSETSFLSKSDHSFFKISYLTFLPSADEIYDCKVEHWGLDEPLLKHWEPEIPAPMSELTETVVCALGLSVGLVGIVVGTVLIIRGLRSVGASRHQGPL
HLA-DQA1*03:01,MILNKALMLGALALTTVMSPCGGEDIVADHVASYGVNLYQSYGPSGQYSHEFDGDEEFYVDLERKE*TVWQLPLFRRFRRFDPQFALTNIAVLKHNLNIVIKRSNSTAATNEVPEVTVFSKSPVTLGQPNTLICLVDNIFPPVVNITWLSNGHSVTEGVSETSFLSKSDHSFFKISYLTFLPSADEIYDCKVEHWGLDEPLLKHWEPEIPTPMSELTETVVCALGLSVGLVGIVVGTVLIIRGLRSVGASRHQGPL
HLA-DQA1*04:01,MILNKALLLGALALTTVMSPCGGEDIVADHVASYGVNLYQSYGPSGQYTHEFDGDEQFYVDLGRKE*TVWCLPVLRQFR*FDPQFALTNIAVTKHNLNILIKRSNSTAATNEVPEVTVFSKSPVTLGQPNTLICLVDNIFPPVVNITWLSNGHSVTEGVSETSFLSKSDHSFFKISYLTFLPSADEIYDCKVEHWGLDEPLLKHWEPEIPAPMSELTETVVCALGLSVGLVGIVVGTVFIIRGLRSVGASRHQGPL
HLA-DQA1*05:01,MILNKALMLGALALTTVMSPCGGEDIVADHVASYGVNLYQSYGPSGQYTHEFDGDEQFYVDLGRKE*TVWCLPVLRQFR*FDPQFALTNIAVLKHNLNSLIKRSNSTAATNEVPEVTVFSKSPVTLGQPNILICLVDNIFPPVVNITWLSNGHSVTEGVSETSFLSKSDHSFFKISYLTLLPSAEESYDCKVEHWGLDKPLLKHWEPEIPAPMSELTETVVCALGLSVGLVGIVVGTVFIIRGLRSVGASRHQGPL
HLA-DQA1*06:01,MILNKALLLGALALTTVMSPCGGEDIVADHVASYGVNLYQSYGPSGQFTHEFDGDEQFYVDLGRKE*TVWCLPVLRQFR*FDPQFALTNIAVTKHNLNILIKRSNSTAATNEVPEVTVFSKSPVTLGQPNTLICLVDNIFPPVVNITWLSNGHSVTEGVSETSFLSKSDHSFFKISYLTFLPSADEIYDCKVEHWGLDEPLLKHWEPEIPAPMSELTETVVCALGLSVGLVGIVVGTVFIIRGLRSVGASRHQGPL
HLA-DQB1*02:01,MSWKKALRIPGGLRAATVTLMLSMLSTPVAEGRDSPEDFVYQFKGMCYFTNGTERVRLVSRSIYNREEIVRFDSDVGEFRAVTLLGLPAAEYWNSQKDILERKRAAVDRVCRHNYQLELRTTLQRRVEPTVTISPSRTEALNHHNLLVCSVTDFYPAQIKVRWFRNDQEETAGVVSTPLIRNGDWTFQILVMLEMTPQR***GDVYTCHVEHPSLQSPITVEWRAQSESAQSKMLSGIGGFVLGLIFLGLGLIIHHRSQKG********LLH
HLA-DQB1*02:02,MSWKKALRIPGGLRAATVTLMLSMLSTPVAEGRDSPEDFVYQFKGMCYFTNGTERVRLVSRSIYNREEIVRFDSDVGEFRAVTLLGLPAAEYWNSQKDILERKRAAVDRVCRHNYQLELRTTLQRRVEPTVTISPSRTEALNHHNLLVCSVTDFYPAQIKVRWFRNGQEETAGVVSTPLIRNGDWTFQILVMLEMTPQR***GDVYTCHVEHPSLQSPITVEWRAQSESAQSKMLSGIGGFVLGLIFLGLGLIIHHRSQKG********LLH
HLA-DQB1*03:01,MSWKKALRIPGGLRAATVTLMLAMLSTPVAEGRDSPEDFVYQFKAMCYFTNGTERVRYVTRYIYNREEYARFDSDVEVYRAVTPLGPPDAEYWNSQKEVLERTRAELDTVCRHNYQLELRTTLQRRVEPTVTISPSRTEALNHHNLLVCSVTDFYPAQIKVRWFRNDQEETTGVVSTPLIRNGDWTFQILVMLEMTPQH***GDVYTCHVEHPSLQNPITVEWRAQSESAQSKMLSGIGGFVLGLIFLGLGLIIHHRSQKGPQGPPPAGLLH
HLA-DQB1*03:02,MSWKKALRIPGGLRVATVTLMLAMLSTPVAEGRDSPEDFVYQFKGMCYFTNGTERVRLVTRYIYNREEYARFDSDVGVYRAVTPLGPPAAEYWNSQKEVLERTRAELDTVCRHNYQLELRTTLQRRVEPTVTISPSRTEALNHHNLLVCSVTDFYPAQIKVRWFRNDQEETTGVVSTPLIRNGDWTFQILVMLEMTPQR***GDVYTCHVEHPSLQNPIIVEWRAQSESAQSKMLSGIGGFVLGLIFLGLGLIIHHRSQKG********LLH
HLA-DQB1*03:03,MSWKKALRIPGGLRVATVTLMLAMLSTPVAEGRDSPEDFVYQFKGMCYFTNGTERVRLVTRYIYNREEYARFDSDVGVYRAVTPLGPPDAEYWNSQKEVLERTRAELDTVCRHNYQLELRTTLQRRVEPTVTISPSRTEALNHHNLLVCSVTDFYPAQIKVRWFRNDQEETTGVVSTPLIRNGDWTFQILVMLEMTPQR***GDVYTCHVEHPSLQNPIIVEWRAQSESAQSKMLSGIGGFVLGLIFLGLGLIIHHRSQKG********LLH
HLA-DQB1*03:19,MSWKKALRIPGGLRAATVTLMLAMLSTPVAEGRDSPEDFVYQFKAMCYFTNGTERVRYVTRYIYNREEYARFDSDVEVYRAVTPLGPPDAEYWNSQKEVLERTRAELDTVCRHNYQLELRTTLQRRVEPTVTISPSRTEALNHHNLLVCSVTDFYPAQIKVRWFRNDQEETTGVVSTPLIRNGDWTFQILVMLEMTPQH***GDVYTCHVEHPSLQNPIIVEWRAQSESAQSKMLSGIGGFVLGLIFLGLGLIIHHRSQKG********LLH
HLA-DQB1*04:01,MSWKKALRIPGGLRVATVTLMLAMLSTPVAEGRDSPEDFVFQFKGMCYFTNGTELVRGVTRYIYNREEYARFDSDVGVYRAVTPLGRLDAEYWNSQKDILEEDRASVDTVCRHNYQLELRTTLQRRVEPTVTISPSRTEALNHHNLLVCSVTDFYPAQIKVRWFRNDQEETTGVVSTPLIRNGDWTFQILVMLEMTPQR***GDVYTCHVEHPSLQNPIIVEWRAQSESAQSKMLSGIGGFVLGLIFLGLGLIIHHRSQKG********LLH
HLA-DQB1*04:02,MSWKKALRIPGGLRVATVTLMLAMLSTPVAEGRDSPEDFVFQFKGMCYFTNGTERVRGVTRYIYNREEYARFDSDVGVYRAVTPLGRLDAEYWNSQKDILEEDRASVDTVCRHNYQLELRTTLQRRVEPTVTISPSRTEALNHHNLLVCSVTDFYPAQIKVRWFRNDQEETTGVVSTPLIRNGDWTFQILVMLEMTPQR***GDVYTCHVEHPSLQNPIIVEWRAQSESAQSKMLSGIGGFVLGLIFLGLGLIIHHRSQKG********LLH
HLA-DQB1*05:01,MSWKKSLRIPGDLRVATVTLMLAILSSSLAEGRDSPEDFVYQFKGLCYFTNGTERVRGVTRHIYNREEYVRFDSDVGVYRAVTPQGRPVAEYWNSQKEVLEGARASVDRVCRHNYEVAYRGILQRRVEPTVTISPSRTEALNHHNLLICSVTDFYPSQIKVRWFRNDQEETAGVVSTPLIRNGDWTFQILVMLEMTPQR***GDVYTCHVEHPSLQSPITVEWRAQSESAQSKMLSGVGGFVLGLIFLGLGLIIRQRSRKG********LLH
HLA-DQB1*05:02,MSWKKSLRIPGDLRVATVTLMLAILSSSLAEGRDSPEDFVYQFKGLCYFTNGTERVRGVTRHIYNREEYVRFDSDVGVYRAVTPQGRPSAEYWNSQKEVLEGARASVDRVCRHNYEVAYRGILQRRVEPTVTISPSRTEALNHHNLLICSVTDFYPSHIKVRWFRNDQEETAGVVSTPLIRNGDWTFQILVMLEMTPQR***GDVYTCHVEHPSLQSPITVEWRAQSESAQSKMLSGVGGFVLGLIFLGLGLIIRQRSRKG********LLH
HLA-DQB1*05:03,MSWKKSLRIPGDLRVATVTLMLAILSSSLAEGRDSPEDFVYQFKGLCYFTNGTERVRGVTRHIYNREEYVRFDSDVGVYRAVTPQGRPDAEYWNSQKEVLEGARASVDRVCRHNYEVAYRGILQRRVEPTVTISPSRTEALNHHNLLICSVTDFYPSQIKVRWFRNDQEETAGVVSTPLIRNGDWTFQILVMLEMTPQR***GDVYTCHVEHPSLQSPITVEWRAQSESAQSKMLSGVGGFVLGLIFLGLGLIIRQRSRKGPQGPPPAGLLH
HLA-DQB1*06:01,MSWKKALRIPGGLRAPTVTLMLAMLSTPVAEGRDPPEDFVLQFKAMCYFTNGTERVRYVTRYIYNREEDVRFDSDVGVYRAVTPQGRPDAEYWNSQKDILERTRAELDTVCRHNYEVAFRGILQRRVEPTVTISPSRTEALNHHNLLVCSVTDFYPGQIKVRWFRNDQEETAGVVSTPLIRNGDWTFQILVMLEMTPQH***GDVYTCHVEHPSLQSPITVEWRAQSESAQNKMLSGIGGFVLGLIFLGLGLIIRQRSQKGPQGPPPAGLLH
HLA-DQB1*06:02,MSWKKALRIPGDLRVATVTLMLAMLSSLLAEGRDSPEDFVFQFKGMCYFTNGTERVRLVTRYIYNREEYARFDSDVGVYRAVTPQGRPDAEYWNSQKEVLEGTRAELDTVCRHNYEVAFRGILQRRVEPTVTISPSRTEALNHHNLLVCSVTDFYPGQIKVRWFRNDQEETAGVVSTPLIRNGDWTFQILVMLEMTPQR***GDVYTCHVEHPSLQSPITVEWRAQSESAQSKMLSGVGGFVLGLIFLGLGLIIRQRSQKG********LLH
HLA-DQB1*06:03,MSWKKALRIPGDLRVATVTLMLAMLSSLLAEGRDSPEDFVYQFKGMCYFTNGTERVRLVTRHIYNREEYARFDSDVGVYRAVTPQGRPDAEYWNSQKEVLEGTRAELDTVCRHNYEVAFRGILQRRVEPTVTISPSRTEALNHHNLLVCSVTDFYPGQIKVRWFRNDQEETAGVVSTPLIRNGDWTFQILVMLEMTPQR***GDVYTCHVEHPSLQSPITVEWRAQSESAQSKMLSGVGGFVLGLIFLGLGLIIRQRSQKG********LLH
HLA-DQB1*06:04,MSWKKALRIPGDLRVATVTLMLAMLSSLLAEGRDSPEDFVYQFKGMCYFTNGTERVRLVTRHIYNREEYARFDSDVGVYRAVTPQGRPVAEYWNSQKEVLERTRAELDTVCRHNYEVGYRGILQRRVEPTVTISPSRTEALNHHNLLVCSVTDFYPGQIKVQWFRNDQEETAGVVSTPLIRNGDWTFQILVMLEMTPQR***GDVYTCHVEHPSLQSPITVEWRAQSESAQSKMLSGVGGFVLGLIFLGLGLIIRQRSQKG********LLH
HLA-DQB1*06:09,MSWKKALRIPGDLRVATVTLMLAMLSSLLAEGRDSPEDFVYQFKGMCYFTNGTERVRLVTRYIYNREEYARFDSDVGVYRAVTPQGRPVAEYWNSQKEVLERTRAELDTVCRHNYEVGYRGILQRRVEPTVTISPSRTEALNHHNLLVCSVTDFYPGQIKVQWFRNDQEETAGVVSTPLIRNGDWTFQILVMLEMTPQR***GDVYTCHVEHPSLQSPITVEWRAQSESAQSKMLSGVGGFVLGLIFLGLGLIIRQRSQKG********LLH
HLA-DRB1*01:01,MVCLKLPGGSCMTALTVTLMVLSSPLALAGDTRPRFLWQLKFECHFFNGTERVR*LLERCIYNQEE*SVRFDSDVGEYRAVTELGRPDAEYWNSQKD***LLEQRRAAVDTYCRHNYGVGESFTVQRR*VEPKVTVYPSKTQPLQHHNLLVCSVSGFYPGSIEVRWFRNGQEEKAGVVSTGLIQNGDWTFQTLVMLETVPRSGEVYTCQVEHPSVTSPLTVEWRARSESAQSKMLSGVGGFVLGLLFLGAGLFIYFRNQKGHSGLQPTGFLS
HLA-DRB1*01:02,MVCLKLPGGSCMTALTVTLMVLSSPLALAGDTRPRFLWQLKFECHFFNGTERVR*LLERCIYNQEE*SVRFDSDVGEYRAVTELGRPDAEYWNSQKD***LLEQRRAAVDTYCRHNYGAVESFTVQRR*VEPKVTVYPSKTQPLQHHNLLVCSVSGFYPGSIEVRWFRNGQEEKAGVVSTGLIQNGDWTFQTLVMLETVPRSGEVYTCQVEHPSVTSPLTVEWRARSESAQSKMLSGVGGFVLGLLFLGAGLFIYFRNQKGHSGLQPTGFLS
HLA-DRB1*01:03,MVCLKLPGGSCMTALTVTLMVLSSPLALAGDTRPRFLWQLKFECHFFNGTERVR*LLERCIYNQEE*SVRFDSDVGEYRAVTELGRPDAEYWNSQKD***ILEDERAAVDTYCRHNYGVGESFTVQRR*VEPKVTVYPSKTQPLQHHNLLVCSVSGFYPGSIEVRWFRNGQEEKAGVVSTGLIQNGDWTFQTLVMLETVPRSGEVYTCQVEHPSVTSPLTVEWRARSESAQSKMLSGVGGFVLGLLFLGAGLFIYFRNQKGHSGLQPTGFLS
HLA-DRB1*01:04,******************************DTRPRFLWQLKFECHFFNGTERVR*LLERCIYNQEE*SVRFDSDVGEYRAVTELGRPDAEYWNSQKD***LLEQRRAAVDNYCRHNYGVVESFTVQRR*VEPKVTVYPSKTQPLQHHNLLVCSVSGFYPGSIEVRWFRNGQEEKAGVVSTGLIQNGDWTFQTLVMLETVPRSGEVYTCQVEHPSVTSPLTVEWRARSESAQSKMLSGVGGFVLGLLFLGAGLFIYFRNQKGHSGLQPTGFLS
HLA-DRB1*03:01,MVCLRLPGGSCMAVLTVTLMVLSSPLALAGDTRPRFLEYSTSECHFFNGTERVR*YLDRYFHNQEE*NVRFDSDVGEFRAVTELGRPDAEYWNSQKD***LLEQKRGRVDNYCRHNYGVVESFTVQRR*VHPKVTVYPSKTQPLQHHNLLVCSVSGFYPGSIEVRWFRNGQEEKTGVVSTGLIHNGDWTFQTLVMLETVPRSGEVYTCQVEHPSVTSPLTVEWRARSESAQSKMLSGVGGFVLGLLFLGAGLFIYFRNQKGHSGLQPRGFLS
HLA-DRB1*03:02,MVCLRLPGGSCMAVLTVTLMVLSSPLALAGDTRPRFLEYSTSECHFFNGTERVR*FLERYFHNQEE*NVRFDSDVGEYRAVTELGRPDAEYWNSQKD***LLEQKRGRVDNYCRHNYGVGESFTVQRR*VHPKVTVYPSKTQPLQHHNLLVCSVSGFYPGSIEVRWFRNGQEEKTGVVSTGLIHNGDWTFQTLVMLETVPRSGEVYTCQVEHPSVTSPLTVEWRARSESAQSKMLSGVGGFVLGLLFLGAGLFIYFRNQKGHSGLQPRGFLS
HLA-DRB1*04:01,MVCLKFPGGSCMAALTVTLMVLSSPLALAGDTRPRFLEQVKHECHFFNGTERVR*FLDRYFYHQEE*YVRFDSDVGEYRAVTELGRPDAEYWNSQKD***LLEQKRAAVDTYCRHNYGVGESFTVQRR*VYPEVTVYPAKTQPLQHHNLLVCSVNGFYPGSIEVRWFRNGQEEKTGVVSTGLIQNGDWTFQTLVMLETVPRSGEVYTCQVEHPSLTSPLTVEWRARSESAQSKMLSGVGGFVLGLLFLGAGLFIYFRNQKGHSGLQPTGFLS
HLA-DRB1*04:02,MVCLKFPGGSCMAALTVTLMVLSSPLALAGDTRPRFLEQVKHECHFFNGTERVR*FLDRYFYHQEE*YVRFDSDVGEYRAVTELGRPDAEYWNSQKD***ILEDERAAVDTYCRHNYGVVESFTVQRR*VYPEVTVYPAKTQPLQHHNLLVCSVNGFYPGSIEVRWFRNGQEEKTGVVSTGLIQNGDWTFQTLVMLETVPRSGEVYTCQVEHPSLTSPLTVEWRARSESAQSKMLSGVGGFVLGLLFLGAGLFIYFRNQKGHSGLQPTGFLS
HLA-DRB1*04:03,MVCLKFPGGSCMAALTVTLMVLSSPLALAGDTRPRFLEQVKHECHFFNGTERVR*FLDRYFYHQEE*YVRFDSDVGEYRAVTELGRPDAEYWNSQKD***LLEQRRAEVDTYCRHNYGVVESFTVQRR*VYPEVTVYPAKTQPLQHHNLLVCSVNGFYPGSIEVRWFRNGQEEKTGVVSTGLIQNGDWTFQTLVMLETVPRSGEVYTCQVEHPSLTSPLTVEWRARSESAQSKMLSGVGGFVLGLLFLGAGLFIYFRNQKGHSGLQPTGFLS
HLA-DRB1*04:04,MVCLKFPGGSCMAALTVTLMVLSSPLALAGDTRPRFLEQVKHECHFFNGTERVR*FLDRYFYHQEE*YVRFDSDVGEYRAVTELGRPDAEYWNSQKD***LLEQRRAAVDTYCRHNYGVVESFTVQRR*VYPEVTVYPAKTQPLQHHNLLVCSVNGFYPGSIEVRWFRNGQEEKTGVVSTGLIQNGDWTFQTLVMLETVPRSGEVYTCQVEHPSLTSPLTVEWRARSESAQSKMLSGVGGFVLGLLFLGAGLFIYFRNQKGHSGLQPTGFLS
HLA-DRB1*04:05,MVCLKFPGGSCMAALTVTLMVLSSPLALAGDTRPRFLEQVKHECHFFNGTERVR*FLDRYFYHQEE*YVRFDSDVGEYRAVTELGRPSAEYWNSQKD***LLEQRRAAVDTYCRHNYGVGESFTVQRR*VYPEVTVYPAKTQPLQHHNLLVCSVNGFYPGSIEVRWFRNGQEEKTGVVSTGLIQNGDWTFQTLVMLETVPRSGEVYTCQVEHPSLTSPLTVEWRARSESAQSKMLSGVGGFVLGLLFLGAGLFIYFRNQKGHSGLQPTGFLS
HLA-DRB1*04:06,MVCLKFPGGSCMAALTVTLMVLSSPLALAGDTRPRFLEQVKHECHFFNGTERVR*FLDRYFYHQEE*SVRFDSDVGEYRAVTELGRPDAEYWNSQKD***LLEQRRAEVDTYCRHNYGVVESFTVQRR*VYPEVTVYPAKTQPLQHHNLLVCSVNGFYPGSIEVRWFRNGQEEKTGVVSTGLIQNGDWTFQTLVMLETVPRSGEVYTCQVEHPSLTSPLTVEWRARSESAQSKMLSGVGGFVLGLLFLGAGLFIYFRNQKGHSGLQPTGFLS
HLA-DRB1*04:07,MVCLKFPGGSCMAALTVTLMVLSSPLALAGDTRPRFLEQVKHECHFFNGTERVR*FLDRYFYHQEE*YVRFDSDVGEYRAVTELGRPDAEYWNSQKD***LLEQRRAEVDTYCRHNYGVGESFTVQRR*VYPEVTVYPAKTQPLQHHNLLVCSVNGFYPGSIEVRWFRNGQEEKTGVVSTGLIQNGDWTFQTLVMLETVPRSGEVYTCQVEHPSLTSPLTVEWRARSESAQSKMLSGVGGFVLGLLFLGAGLFIYFRNQKGHSGLQPTGFLS
HLA-DRB1*04:08,MVCLKFPGGSCMAALTVTLMVLSSPLALAGDTRPRFLEQVKHECHFFNGTERVR*FLDRYFYHQEE*YVRFDSDVGEYRAVTELGRPDAEYWNSQKD***LLEQRRAAVDTYCRHNYGVGESFTVQRR*VYPEVTVYPAKTQPLQHHNLLVCSVNGFYPGSIEVRWFRNGQEEKTGVVSTGLIQNGDWTFQTLVMLETVPRSGEVYTCQVEHPSLTSPLTVEWRARSESAQSKMLSGVGGFVLGLLFLGAGLFIYFRNQKGHSGLQPTGFLS
HLA-DRB1*04:11,MVCLKFPGGSCMAALTVTLMVLSSPLALAGDTRPRFLEQVKHECHFFNGTERVR*FLDRYFYHQEE*YVRFDSDVGEYRAVTELGRPSAEYWNSQKD***LLEQRRAEVDTYCRHNYGVVESFTVQRR*VYPEVTVYPAKTQPLQHHNLLVCSVNGFYPGSIEVRWFRNGQEEKTGVVSTGLIQNGDWTFQTLVMLETVPRSGEVYTCQVEHPSLTSPLTVEWRARSESAQSKMLSGVGGFVLGLLFLGAGLFIYFRNQKGHSGLQPTGFLS
HLA-DRB1*07:01,MVCLKLPGGSCMAALTVTLMVLSSPLALAGDTQPRFLWQGKYKCHFFNGTERVQ*FLERLFYNQEE*FVRFDSDVGEYRAVTELGRPVAESWNSQKD***ILEDRRGQVDTVCRHNYGVGESFTVQRR*VHPEVTVYPAKTQPLQHHNLLVCSVSGFYPGSIEVRWFRNGQEEKAGVVSTGLIQNGDWTFQTLVMLETVPRSGEVYTCQVEHPSVMSPLTVEWRARSESAQSKMLSGVGGFVLGLLFLGAGLFIYFRNQKGHSGLQPTGFLS
HLA-DRB1*08:01,MVCLRLPGGSCMAVLTVTLMVLSSPLALAGDTRPRFLEYSTGECYFFNGTERVR*FLDRYFYNQEE*YVRFDSDVGEYRAVTELGRPSAEYWNSQKD***FLEDRRALVDTYCRHNYGVGESFTVQRR*VHPKVTVYPSKTQPLQHHNLLVCSVSGFYPGSIEVRWFRNGQEEKTGVVSTGLIHNGDWTFQTLVMLETVPRSGEVYTCQVEHPSVTSPLTVEWSARSESAQSKMLSGVGGFVLGLLFLGAGLFIYFRNQKGHSGLQPTGFLS
HLA-DRB1*08:02,MVCLRLPGGSCMAVLTVTLMVLSSPLALAGDTRPRFLEYSTGECYFFNGTERVR*FLDRYFYNQEE*YVRFDSDVGEYRAVTELGRPDAEYWNSQKD***FLEDRRALVDTYCRHNYGVGESFTVQRR*VHPKVTVYPSKTQPLQHHNLLVCSVSGFYPGSIEVRWFRNGQEEKTGVVSTGLIHNGDWTFQTLVMLETVPRSGEVYTCQVEHPSVTSPLTVEWSARSESAQSKMLSGVGGFVLGLLFLGAGLFIYFRNQKGHSGLQPTGFLS
HLA-DRB1*08:03,MVCLRLPGGSCMAVLTVTLMVLSSPLALAGDTRPRFLEYSTGECYFFNGTERVR*FLDRYFYNQEE*YVRFDSDVGEYRAVTELGRPSAEYWNSQKD***ILEDRRALVDTYCRHNYGVGESFTVQRR*VHPKVTVYPSKTQPLQHHNLLVCSVSGFYPGSIEVRWFRNGQEEKTGVVSTGLIHNGDWTFQTLVMLETVPRSGEVYTCQVEHPSVTSPLTVEWSARSESAQSKMLSGVGGFVLGLLFLGAGLFIYFRNQKGHSGLQPTGFLS
HLA-DRB1*08:04,MVCLRLPGGSCMAVLTVTLMVLSSPLALAGDTRPRFLEYSTGECYFFNGTERVR*FLDRYFYNQEE*YVRFDSDVGEYRAVTELGRPDAEYWNSQKD***FLEDRRALVDTYCRHNYGVVESFTVQRR*VHPKVTVYPSKTQPLQHHNLLVCSVSGFYPGSIEVRWFRNGQEEKTGVVSTGLIHNGDWTFQTLVMLETVPRSGEVYTCQVEHPSVTSPLTVEWSARSESAQSKMLSGVGGFVLGLLFLGAGLFIYFRNQKGHSGLQPTGFLS
HLA-DRB1*09:01,MVCLKLPGGSCMAALTVTLMVLSSPLALAGDTQPRFLKQDKFECHFFNGTERVR*YLHRGIYNQEE*NVRFDSDVGEYRAVTELGRPVAESWNSQKD***FLERRRAEVDTVCRHNYGVGESFTVQRR*VHPEVTVYPAKTQPLQHHNLLVCSVSGFYPGSIEVRWFRNGQEEKAGVVSTGLIQNGDWTFQTLVMLETVPRSGEVYTCQVEHPSVMSPLTVEWRARSESAQSKMLSGVGGFVLGLLFLGAGLFIYFRNQKGHSGLQPTGFLS
HLA-DRB1*10:01,MVCLRLPGGSCMAVLTVTLMVLSSPLALAGDTRPRFLEEVKFECHFFNGTERVR*LLERRVHNQEE*YARYDSDVGEYRAVTELGRPDAEYWNSQKD***LLERRRAAVDTYCRHNYGVGESFTVQRR*VQPKVTVYPSKTQPLQHHNLLVCSVNGFYPGSIEVRWFRNGQEEKTGVVSTGLIQNGDWTFQTLVMLETVPQSGEVYTCQVEHPSVMSPLTVEWRARSESAQSKMLSGVGGFVLGLLFLGAGLFIYFRNQKGHSGLPPTGFLS
HLA-DRB1*11:01,MVCLRLPGGSCMAVLTVTLMVLSSPLALAGDTRPRFLEYSTSECHFFNGTERVR*FLDRYFYNQEE*YVRFDSDVGEFRAVTELGRPDEEYWNSQKD***FLEDRRAAVDTYCRHNYGVGESFTVQRR*VHPKVTVYPSKTQPLQHHNLLVCSVSGFYPGSIEVRWFRNGQEEKTGVVSTGLIHNGDWTFQTLVMLETVPRSGEVYTCQVEHPSVTSPLTVEWRARSESAQSKMLSGVGGFVLGLLFLGAGLFIYFRNQKGHSGLQPRGFLS
HLA-DRB1*11:02,MVCLRLPGGSCMAVLTVTLMVLSSPLALAGDTRPRFLEYSTSECHFFNGTERVR*FLDRYFYNQEE*YVRFDSDVGEFRAVTELGRPDEEYWNSQKD***ILEDERAAVDTYCRHNYGVVESFTVQRR*VHPKVTVYPSKTQPLQHHNLLVCSVSGFYPGSIEVRWFRNGQEEKTGVVSTGLIHNGDWTFQTLVMLETVPRSGEVYTCQVEHPSVTSPLTVEWRARSESAQSKMLSGVGGFVLGLLFLGAGLFIYFRNQKGHSGLQPRGFLS
HLA-DRB1*11:03,MVCLRLPGGSCMAVLTVTLMVLSSPLALAGDTRPRFLEYSTSECHFFNGTERVR*FLDRYFYNQEE*YVRFDSDVGEFRAVTELGRPDEEYWNSQKD***FLEDERAAVDTYCRHNYGVVESFTVQRR*VHPKVTVYPSKTQPLQHHNLLVCSVSGFYPGSIEVRWFRNGQEEKTGVVSTGLIHNGDWTFQTLVMLETVPRSGEVYTCQVEHPSVTSPLTVEWRARSESAQSKMLSGVGGFVLGLLFLGAGLFIYFRNQKGHSGLQPRGFLS
HLA-DRB1*11:04,MVCLRLPGGSCMAVLTVTLMVLSSPLALAGDTRPRFLEYSTSECHFFNGTERVR*FLDRYFYNQEE*YVRFDSDVGEFRAVTELGRPDEEYWNSQKD***FLEDRRAAVDTYCRHNYGVVESFTVQRR*VHPKVTVYPSKTQPLQHHNLLVCSVSGFYPGSIEVRWFRNGQEEKTGVVSTGLIHNGDWTFQTLVMLETVPRSGEVYTCQVEHPSVTSPLTVEWRARSESAQSKMLSGVGGFVLGLLFLGAGLFIYFRNQKGHSGLQPRGFLS
HLA-DRB1*11:13,MVCLRLPGGSCMAVLTVTLMVLSSPLALAGDTRPRFLEYSTSECHFFNGTERVR*FLDRYFHNQEE*FVRFDSDVGEFRAVTELGRPDEEYWNSQKD***LLERRRAAVDTYCRHNYGVVESFTVQRR*VHPKVTVYPSKTQPLQHHNLLVCSVSGFYPGSIEVRWFRNGQEEKTGVVSTGLIHNGDWTFQTLVMLETVPRSGEVYTCQVEHPSVTSPLTVEWRARSESAQSKMLSGVGGFVLGLLFLGAGLFIYFRNQKGHSGLQPRGFLS
HLA-DRB1*12:01,MVCLRLPGGSCMAVLTVTLMVLSSPLALAGDTRPRFLEYSTGECYFFNGTERVR*LLERHFHNQEE*LLRFDSDVGEFRAVTELGRPVAESWNSQKD***ILEDRRAAVDTYCRHNYGAVESFTVQRR*VHPKVTVYPSKTQPLQHHNLLVCSVSGFYPGSIEVRWFRNGQEEKTGVVSTGLIHNGDWTFQTLVMLETVPRSGEVYTCQVEHPSVTSPLTVEWRARSESAQSKMLSGVGGFVLGLLFLGAGLFIYFRNQKGHSGLQPRGFLS
HLA-DRB1*12:02,MVCLRLPGGSCMAVLTVTLMVLSSPLALAGDTRPRFLEYSTGECYFFNGTERVR*LLERHFHNQEE*LLRFDSDVGEFRAVTELGRPVAESWNSQKD***FLEDRRAAVDTYCRHNYGAVESFTVQRR*VHPKVTVYPSKTQPLQHHNLLVCSVSGFYPGSIEVRWFRNGQEEKTGVVSTGLIHNGDWTFQTLVMLETVPRSGEVYTCQVEHPSVTSPLTVEWRARSESAQSKMLSGVGGFVLGLLFLGAGLFIYFRNQKGHSGLQPRGFLS
HLA-DRB1*13:01,MVCLRLPGGSCMAVLTVTLMVLSSPLALAGDTRPRFLEYSTSECHFFNGTERVR*FLDRYFHNQEE*NVRFDSDVGEFRAVTELGRPDAEYWNSQKD***ILEDERAAVDTYCRHNYGVVESFTVQRR*VHPKVTVYPSKTQPLQHHNLLVCSVSGFYPGSIEVRWFRNGQEEKTGVVSTGLIHNGDWTFQTLVMLETVPRSGEVYTCQVEHPSVTSPLTVEWRARSESAQSKMLSGVGGFVLGLLFLGAGLFIYFRNQKGHSGLQPRGFLS
HLA-DRB1*13:02,MVCLRLPGGSCMAVLTVTLMVLSSPLALAGDTRPRFLEYSTSECHFFNGTERVR*FLDRYFHNQEE*NVRFDSDVGEFRAVTELGRPDAEYWNSQKD***ILEDERAAVDTYCRHNYGVGESFTVQRR*VHPKVTVYPSKTQPLQHHNLLVCSVSGFYPGSIEVRWFRNGQEEKTGVVSTGLIHNGDWTFQTLVMLETVPRSGEVYTCQVEHPSVTSPLTVEWRARSESAQSKMLSGVGGFVLGLLFLGAGLFIYFRNQKGHSGLQPRGFLS
HLA-DRB1*13:03,MVCLRLPGGSCMAVLTVTLMVLSSPLALAGDTRPRFLEYSTSECHFFNGTERVR*FLDRYFYNQEE*YVRFDSDVGEYRAVTELGRPSAEYWNSQKD***ILEDKRAAVDTYCRHNYGVGESFTVQRR*VHPKVTVYPSKTQPLQHHNLLVCSVSGFYPGSIEVRWFRNGQEEKTGVVSTGLIHNGDWTFQTLVMLETVPRSGEVYTCQVEHPSVTSPLTVEWRARSESAQSKMLSGVGGFVLGLLFLGAGLFIYFRNQKGHSGLQPRGFLS
HLA-DRB1*14:01,MVCLRLPGGSCMAVLTVTLMVLSSPLALAGDTRPRFLEYSTSECHFFNGTERVR*FLDRYFHNQEE*FVRFDSDVGEYRAVTELGRPAAEHWNSQKD***LLERRRAEVDTYCRHNYGVVESFTVQRR*VHPKVTVYPSKTQPLQHYNLLVCSVSGFYPGSIEVRWFRNGQEEKTGVVSTGLIHNGDWTFQTLVMLETVPRSGEVYTCQVEHPSVTSPLTVEWRARSESAQSKMLSGVGGFVLGLLFLGAGLFIYFRNQKGHSGLQPRGFLS
HLA-DRB1*14:02,MVCLRLPGGSCMAVLTVTLMVLSSPLALAGDTRPRFLEYSTSECHFFNGTERVR*FLERYFHNQEE*NVRFDSDVGEYRAVTELGRPDAEYWNSQKD***LLEQRRAAVDTYCRHNYGVGESFTVQRR*VHPKVTVYPSKTQPLQHHNLLVCSVSGFYPGSIEVRWFRNGQEEKTGVVSTGLIHNGDWTFQTLVMLETVPRSGEVYTCQVEHPSVTSPLTVEWRARSESAQSKMLSGVGGFVLGLLFLGAGLFIYFRNQKGHSGLQPRGFLS
HLA-DRB1*14:04,MVCLRLPGGSCMAVLTVTLMVLSSPLALAGDTRPRFLEYSTGECYFFNGTERVR*FLDRYFHNQEE*FVRFDSDVGEYRAVTELGRPAAEHWNSQKD***LLERRRAEVDTYCRHNYGVVESFTVQRR*VHPKVTVYPSKTQPLQHHNLLVCSVSGFYPGSIEVRWFRNGQEEKTGVVSTGLIHNGDWTFQTLVMLETVPRSGEVYTCQVEHPSVTSPLTVEWRARSESAQSKMLSGVGGFVLGLLFLGAGLFIYFRNQKGHSGLQPRGFLS
HLA-DRB1*14:05,MVCLRLPGGSCMAVLTVTLMVLSSPLALAGDTRPRFLEYSTSECQFFNGTERVR*FLDRYFHNQEE*FVRFDSDVGEYRAVTELGRPDAEYWNSQKD***LLERRRAEVDTYCRHNYGVVESFTVQRR*VHPKVTVYPSKTQPLQHHNLLVCSVSGFYPGSIEVRWFRNGQEEKTGVVSTGLIHNGDWTFQTLVMLETVPRSGEVYTCQVEHPSVTSPLTVEWRARSESAQSKMLSGVGGFVLGLLFLGAGLFIYFRNQKGHSGLQPRGFLS
HLA-DRB1*14:06,MVCLRLPGGSCMAVLTVTLMVLSSPLALAGDTRPRFLEYSTSECHFFNGTERVR*FLERYFHNQEE*NVRFDSDVGEYRAVTELGRPDAEYWNSQKD***LLEQRRAAVDTYCRHNYGVVESFTVQRR*VHPKVTVYPSKTQPLQHHNLLVCSVSGFYPGSIEVRWFRNGQEEKTGVVSTGLIHNGDWTFQTLVMLETVPRSGEVYTCQVEHPSVTSPLTVEWRARSESAQSKMLSGVGGFVLGLLFLGAGLFIYFRNQKGHSGLQPRGFLS
HLA-DRB1*14:54,MVCLRLPGGSCMAVLTVTLMVLSSPLALAGDTRPRFLEYSTSECHFFNGTERVR*FLDRYFHNQEE*FVRFDSDVGEYRAVTELGRPAAEHWNSQKD***LLERRRAEVDTYCRHNYGVVESFTVQRR*VHPKVTVYPSKTQPLQHHNLLVCSVSGFYPGSIEVRWFRNGQEEKTGVVSTGLIHNGDWTFQTLVMLETVPRSGEVYTCQVEHPSVTSPLTVEWRARSESAQSKMLSGVGGFVLGLLFLGAGLFIYFRNQKGHSGLQPRGFLS
HLA-DRB1*15:01,MVCLKLPGGSCMTALTVTLMVLSSPLALSGDTRPRFLWQPKRECHFFNGTERVR*FLDRYFYNQEE*SVRFDSDVGEFRAVTELGRPDAEYWNSQKD***ILEQARAAVDTYCRHNYGVVESFTVQRR*VQPKVTVYPSKTQPLQHHNLLVCSVSGFYPGSIEVRWFLNGQEEKAGMVSTGLIQNGDWTFQTLVMLETVPRSGEVYTCQVEHPSVTSPLTVEWRARSESAQSKMLSGVGGFVLGLLFLGAGLFIYFRNQKGHSGLQPTGFLS
HLA-DRB1*15:02,MVCLKLPGGSCMTALTVTLMVLSSPLALSGDTRPRFLWQPKRECHFFNGTERVR*FLDRYFYNQEE*SVRFDSDVGEFRAVTELGRPDAEYWNSQKD***ILEQARAAVDTYCRHNYGVGESFTVQRR*VQPKVTVYPSKTQPLQHHNLLVCSVSGFYPGSIEVRWFLNGQEEKAGMVSTGLIQNGDWTFQTLVMLETVPRSGEVYTCQVEHPSVTSPLTVEWRARSESAQSKMLSGVGGFVLGLLFLGAGLFIYFRNQKGHSGLQPTGFLS
HLA-DRB1*15:03,MVCLKLPGGSCMTALTVTLMVLSSPLALSGDTRPRFLWQPKRECHFFNGTERVR*FLDRHFYNQEE*SVRFDSDVGEFRAVTELGRPDAEYWNSQKD***ILEQARAAVDTYCRHNYGVVESFTVQRR*VQPKVTVYPSKTQPLQHHNLLVCSVSGFYPGSIEVRWFLNGQEEKAGMVSTGLIQNGDWTFQTLVMLETVPRSGEVYTCQVEHPSVTSPLTVEWRARSESAQSKMLSGVGGFVLGLLFLGAGLFIYFRNQKGHSGLQPTGFLS
HLA-DRB1*15:06,MVCLKLPGGSCMTALTVTLMVLSSPLALSGDTRPRFLWQPKRECHFFNGTERVR*FLDRYFYNQEE*SVRFDSDVGEFRAATELGRPDAEYWNSQKD***ILEQARAAVDTYCRHNYGVVESFTVQRR*VQPKVTVYPSKTQPLQHHNLLVCSVSGFYPGSIEVRWFLNGQEEKAGMVSTGLIQNGDWTFQTLVMLETVPRSGEVYTCQVEHPSVTSPLTVEWRARSESAQSKMLSGVGGFVLGLLFLGAGLFIYFRNQKGHSGLQPTGFLS
HLA-DRB1*16:01,MVCLKLPGGSCMTALTVTLMVLSSPLALAGDTRPRFLWQPKRECHFFNGTERVR*FLDRYFYNQEE*SVRFDSDVGEYRAVTELGRPDAEYWNSQKD***FLEDRRAAVDTYCRHNYGVGESFTVQRR*VQPKVTVYPSKTQPLQHHNLLVCSVSGFYPGSIEVRWFLNGQEEKAGMVSTGLIQNGDWTFQTLVMLETVPRSGEVYTCQVEHPSVTSPLTVEWRARSESAQSKMLSGVGGFVLGLLFLGAGLFIYFRNQKGHSGLQPTGFLS
HLA-DRB1*16:02,MVCLKLPGGSCMTALTVTLMVLSSPLALAGDTRPRFLWQPKRECHFFNGTERVR*FLDRYFYNQEE*SVRFDSDVGEYRAVTELGRPDAEYWNSQKD***LLEDRRAAVDTYCRHNYGVGESFTVQRR*VQPKVTVYPSKTQPLQHHNLLVCSVSGFYPGSIEVRWFLNGQEEKAGMVSTGLIQNGDWTFQTLVMLETVPRSGEVYTCQVEHPSVTSPLTVEWRARSESAQSKMLSGVGGFVLGLLFLGAGLFIYFRNQKGHSGLQPTGFLS
HLA-DRB3*01:01,MVCLKLPGGSSLAALTVTLMVLSSRLAFAGDTRPRFLELRKSECHFFNGTERVR*YLDRYFHNQEE*FLRFDSDVGEYRAVTELGRPVAESWNSQKD***LLEQKRGRVDNYCRHNYGVGESFTVQRR*VHPQVTVYPAKTQPLQHHNLLVCSVSGFYPGSIEVRWFRNGQEEKAGVVSTGLIQNGDWTFQTLVMLETVPRSGEVYTCQVEHPSVTSALTVEWRARSESAQSKMLSGVGGFVLGLLFLGAGLFIYFRNQKGHSGLQPTGFLS
HLA-DRB3*02:02,MVCLKLPGGSSLAALTVTLMVLSSRLAFAGDTRPRFLELLKSECHFFNGTERVR*FLERHFHNQEE*YARFDSDVGEYRAVRELGRPDAEYWNSQKD***LLEQKRGQVDNYCRHNYGVGESFTVQRR*VHPQVTVYPAKTQPLQHHNLLVCSVSGFYPGSIEVRWFRNGQEEKAGVVSTGLIQNGDWTFQTLVMLETVPRSGEVYTCQVEHPSVTSPLTVEWSARSESAQSKMLSGVGGFVLGLLFLGAGLFIYFRNQKGHSGLQPTGFLS
HLA-DRB3*03:01,MVCLKLPGGSSLAALTVTLMVLSSRLAFAGDTRPRFLELLKSECHFFNGTERVR*FLERYFHNQEE*FVRFDSDVGEYRAVTELGRPVAESWNSQKD***LLEQKRGQVDNYCRHNYGVVESFTVQRR*VHPQVTVYPAKTQPLQHHNLLVCSVSGFYPGSIEVRWFRNGQEEKTGVVSTGLIHNGDWTFQTLVMLETVPRSGEVYTCQVEHPSVTSPLTVEWRARSESAQSKMLSGVGGFVLGLLFLGAGLFIYFRNQKGHSGLQPTGFLS
HLA-DRB4*01:01,MVCLKLPGGSCMAALTVTLTVLSSPLALAGDTQPRFLEQAKCECHFLNGTERVW*NLIRYIYNQEE*YARYNSDLGEYQAVTELGRPDAEYWNSQKD***LLERRRAEVDTYCRYNYGVVESFTVQRR*VQPKVTVYPSKTQPLQHHNLLVCSVNGFYPGSIEVRWFRNSQEEKAGVVSTGLIQNGDWTFQTLVMLETVPRSGEVYTCQVEHPSMMSPLTVQWSARSESAQSKMLSGVGGFVLGLLFLGTGLFIYFRNQKGHSGLQPTGLLS
HLA-DRB4*01:03,MVCLKLPGGSCMAALTVTLTVLSSPLALAGDTQPRFLEQAKCECHFLNGTERVW*NLIRYIYNQEE*YARYNSDLGEYQAVTELGRPDAEYWNSQKD***LLERRRAEVDTYCRYNYGVVESFTVQRR*VQPKVTVYPSKTQPLQHHNLLVCSVNGFYPGSIEVRWFRNGQEEKAGVVSTGLIQNGDWTFQTLVMLETVPRSGEVYTCQVEHPSMMSPLTVQWSARSESAQSKMLSGVGGFVLGLLFLGTGLFIYFRNQKGHSGLQPTGLLS
HLA-DRB5*01:01,MVCLKLPGGSYMAKLTVTLMVLSSPLALAGDTRPRFLQQDKYECHFFNGTERVR*FLHRDIYNQEE*DLRFDSDVGEYRAVTELGRPDAEYWNSQKD***FLEDRRAAVDTYCRHNYGVGESFTVQRR*VEPKVTVYPARTQTLQHHNLLVCSVNGFYPGSIEVRWFRNSQEEKAGVVSTGLIQNGDWTFQTLVMLETVPRSGEVYTCQVEHPSVTSPLTVEWRAQSESAQSKMLSGVGGFVLGLLFLGAGLFIYFKNQKGHSGLHPTGLVS
HLA-DRB5*01:02,MVCLKLPGGSYMAKLTVTLMVLSSPLALAGDTRPRFLQQDKYECHFFNGTERVR*FLHRGIYNQEE*NVRFDSDVGEYRAVTELGRPDAEYWNSQKD***FLEDRRAAVDTYCRHNYGVGESFTVQRR*VEPKVTVYPARTQTLQHHNLLVCSVNGFYPGSIEVRWFRNSQEEKAGVVSTGLIQNGDWTFQTLVMLETVPRSGEVYTCQVEHPSVTSPLTVEWRAQSESAQSKMLSGVGGFVLGLLFLGAGLFIYFKNQKGHSGLHPTGLVS
HLA-DRB5*02:02,MVCLKLPGGSYMAVLTVTLMVLSSPLALAGDTRPCFLQQDKYECHFFNGTERVR*FLHRGIYNQEE*NVRFDSDVGEYRAVTELGRPDAEYWNSQKD***ILEQARAAVDTYCRHNYGAVESFTVQRR*VEPKVTVYPARTQTLQHHNLLVCSVNGFYPGSIEVRWFRNGQEEKAGVVSTGLIQNGDWTFQILVMLETVPRSGEVYTCQVEHPSVTSPLTVEWRAQSESAQSKMLSGIGGFVLGLLFLGAGLFIYFKNQKGHSGLHPTGLVS
