,iedb,tcr
AAAIFMTATPPGATD,False,True
AAAIFMTATPPGSAE,False,True
AAAIFMTATPPGSID,False,True
AAAIFMTATPPGSME,False,True
AAAIFMTATPPGSVE,False,True
AAAIFMTATPPGTAD,False,True
AAAIFMTATPPGTID,False,True
AAAIFMTATPPGTTD,False,True
AAAMFGYAAATATAT,False,True
AAAQPLPDCCRQKTC,False,True
AAAWGGSGSEAYQGV,False,True
AAFQAAHARFVAAAA,False,True
AAFQGAHARFVAAAA,False,True
AAGAAVKGVGTMVME,False,True
AAGAESLFAASSFTG,False,True
AAGIFMTATPPGSRD,False,True
AAGILTMGRRAGAEP,False,True
AAGLTHMMIWHSNLN,False,True
AAGRRSVSGDLILEI,False,True
AAIANHAAVLMGLGK,False,True
AAIFMTATPPGATDP,False,True
AAIFMTATPPGSVEA,False,True
AAIFMTATPPGTADA,False,True
AAIFMTATPPGTRDA,False,True
AAILAYTIGTTHFQR,False,True
AALHPFALLLVLAGW,False,True
AALLVAVSFMTLITG,False,True
AANQLMNNVPQALQQ,False,True
AAQFPFNASDSVGQQ,False,True
AAQLEVYALGVRNMW,False,True
AAQRRGRIGRNPSQV,False,True
AATAFVGAGLAGAAI,False,True
AAVLLLVTHYAIIGP,False,True
AAVLRFQEAANKQKQ,False,True
AAVTLLLLLLLLPPA,False,True
AAVVRFQEAANKQKQ,False,True
ACALVFGAVAAVLAF,False,True
ACGNEPIFKDGLGCR,False,True
ACLAKAYAQMWLLLY,False,True
ACLAKSYAQMWLLLY,False,True
ACLAKSYAQMWQLLY,False,True
ACLGKAYAQMWSLMY,False,True
ACLGKAYAQMWTLMY,False,True
ACLGKSYAQMWQLMY,False,True
ACLGKSYAQMWSLMY,False,True
ACLSKAYANMWSLMY,False,True
ADLLKGLCHPRVKVG,False,True
ADYLRMWIQAATVMS,False,True
AEDLQVGQVELGGGP,False,True
AEEYEKLQNPNQSVV,False,True
AEGLRALLARSHVER,False,True
AEHQAIIRDVLTASD,False,True
AEHQAIVRDVLAAGD,False,True
AEHQAIVRDVLAASD,False,True
AELMILIATNLLGQN,False,True
AELTGVTVESPEEPQ,False,True
AEMEEALRGLPIRYQ,False,True
AEPNSSFVAQREENV,False,True
AERMAQLTNLKLHLS,False,True
AETQHGTVLVQVKYE,False,True
AEYVQIIHTSNYLGT,False,True
AFAMERNAGSGIIIS,False,True
AFDERRNKYLEEHPS,False,True
AFIAFLRFLAIPPTA,False,True
AFIEYEHERDMHSAY,False,True
AFITFLRVLSIPPTA,False,True
AFLAGGPHAVYLLDA,False,True
AFLRFLAIPPTAGVL,False,True
AFLRFLTIPPTVGIL,False,True
AFMAFLRFLAIPPTA,False,True
AFQEMENFLGPIAVG,False,True
AFRGWAFTRLKTKET,False,True
AFSLIKNAQTPRRGT,False,True
AFTLLLYCELLQWED,False,True
AFTMLLYCELLQWED,False,True
AFVAFLRFLTIPPTA,False,True
AFVLKKEVSETQHGT,False,True
AFVNQHLCGSHLVEA,False,True
AGAFLSSPGLLAVFG,False,True
AGAGLAFSIMKSVGT,False,True
AGALFTFVLLLSGQI,False,True
AGDGNIVAVDIKPRD,False,True
AGDVKGVLSKGKRAL,False,True
AGDVKGVLTKGKRAL,False,True
AGFKGEQGPKGEPGP,False,True
AGFMAYMIGQTGIQR,False,True
AGHLLLQKLLRAKNV,False,True
AGILARNLVPMVATV,False,True
AGKTRRFLPQILAEC,False,True
AGKTVWFVPSIKAGN,False,True
AGLAFSIMKSVGTGK,False,True
AGLAFSLMKSLGGGR,False,True
AGLLFSIMKNTTNTR,False,True
AGLLFSIMKNTTSTR,False,True
AGLLSAAGVPLLQSD,False,True
AGLPLQVRGYPEEKK,False,True
AGLQVRKNKRRRGCP,False,True
AGQISIQPTFSVQRN,False,True
AGQLLLMRTTWAFCE,False,True
AGSLSALLDPSQGMG,False,True
AGTRKIMKVVNRWLF,False,True
AGVDFELESFSERKE,False,True
AGVNMCTLIAMDLGE,False,True
AHHVCWLEASMLLDN,False,True
AHKSCLPACVYGPAV,False,True
AHWTEARIMLDNINM,False,True
AIANQAAILMGLDKG,False,True
AIANQAAVLMGLGKG,False,True
AIANQAVVLMGLDKG,False,True
AIFMTATPPGTSDPF,False,True
AIFQPSLPGEFRYYP,False,True
AIIEVDRSAAKHARK,False,True
AIIKYAASKKGKCAV,False,True
AIKRRLRTLILAPTR,False,True
AILLVALSFVTLITG,False,True
AILLVAVSFLTLITG,False,True
AILLVAVSFVTLITG,False,True
AINVLRGFRKEIGRM,False,True
AIQAVLSLYASGRTT,False,True
AIRPKVRDQEGRMNY,False,True
AISCVPNAVILQNAW,False,True
AIVLEFFMMVLLIPE,False,True
AIWYMWLGARFLEFE,False,True
AIYSTVASSLVLVVS,False,True
AKAVYEKMFNWMVTR,False,True
AKEAVEDERFWDLVH,False,True
AKFEKQLGQIMLLIL,False,True
AKIVTAETRNSSFII,False,True
AKLQWFVERNMVIPE,False,True
AKMYAFTLESVELQQ,False,True
AKNTLYLQMNSLRAE,False,True
ALALAVTKYKQRNGW,False,True
ALALGMMVLKVVRNM,False,True
ALDRYLAITSPFRYQ,False,True
ALFLAHAIGTSITQK,False,True
ALGCYSQVNPLTLTA,False,True
ALGFFLRKLTSRENL,False,True
ALGIMVLKIVRSMEK,False,True
ALGIMVLKMVRSMEK,False,True
ALGMMVLKIVRKMEK,False,True
ALGMMVLKIVRKMER,False,True
ALIATFKVQPFLALG,False,True
ALKEFKEFAAGRKSI,False,True
ALKEFKEFAAGRKSL,False,True
ALKRRLRTLILAPTR,False,True
ALLGAMTAGIFLFFM,False,True
ALLLLVILAGPCILR,False,True
ALLRTYCIEASISNI,False,True
ALNDTWKMEKASFIE,False,True
ALNTITNLKVQLIRM,False,True
ALPLSEPMRRSVSEE,False,True
ALPPEINSARMYAGP,False,True
ALREFKEFAAGRRSV,False,True
ALRGLPIRYQTPAVK,False,True
ALTGGMELTRDPTVP,False,True
ALTIKGLNPTAILLT,False,True
ALVAFLRFLTIPPTA,False,True
AMALSIVSLFPLCLS,False,True
AMDGGGFYADDTAGW,False,True
AMGCYSQVNPTTLIA,False,True
AMGIMILKLLTDFQS,False,True
AMHTALTGATEIQMS,False,True
AMKHLLSFKKELGTL,False,True
AMNFADLQTNKSDVP,False,True
AMVLSIVSLLPLCLS,False,True
AMYGYAAASAVAARL,False,True
ANAVCPYMTGELNRR,False,True
ANGILAQGKKMIRPQ,False,True
ANGVKGFSFKYGNGV,False,True
ANIRLIGHSLGAHAS,False,True
ANLDIIGQRIENIKN,False,True
APNYHYEECSCYPDS,False,True
AQGKKMIRPQPMEHK,False,True
AQGKKMIRPQPMEHR,False,True
AQGKTLGVNMVRRGV,False,True
AQKFITRLYSWLFEK,False,True
AQLIRQMEGEGIFKS,False,True
AQLIRQMESEGIFSP,False,True
AQNGVQAMSSLGSSL,False,True
AQTFAATHNPWASQA,False,True
AQTRDKFLSAATSST,False,True
ARATFYGSNPRGAAP,False,True
ARATWATNIQVAINQ,False,True
AREAVEDSRFWELVD,False,True
ARELALVGILLGNGE,False,True
ARFLEFEALGFLNED,False,True
ARFLEFEALGFMNED,False,True
ARGYISTRVEMGEAA,False,True
ARKVIDIKALSSAVG,False,True
ARMWIQAATTMASYQ,False,True
ARNTPFNMLKRERNR,False,True
ARPEDVSFQGRGVFE,False,True
ARTAHYGSLPQKSHG,False,True
ARTDLLAFTAFPKQI,False,True
ARTTLIAAAIAGTLV,False,True
ARWGTFKKSGAIKVL,False,True
ARYLEFEALGFLNED,False,True
ASAGPLLKRSHSVPA,False,True
ASDLRTIQQLLMGTV,False,True
ASELVIPSERLHYRN,False,True
ASGINMCTLIAMDLG,False,True
ASGLLWVAEIQPQWI,False,True
ASGNIVSSVNMISRM,False,True
ASGYDFEREGYSLVG,False,True
ASIILEFFLIVLLIP,False,True
ASIILKFFLMVLLIP,False,True
ASILLWYAQIQPHWI,False,True
ASLIYRRRLMKQDFS,False,True
ASNYAQYRVVRATIR,False,True
ASPIVPSFDMSNEGS,False,True
ASPLTGIADASQSSM,False,True
ASQEGPLPEIEDEVF,False,True
ASRAWNVWEVEDYGF,False,True
ASRKLQLKTLLLQIA,False,True
ASSLVLVVSLGAISF,False,True
ASVNMVSRLLLNRFT,False,True
ATCVYNMMGKREKKL,False,True
ATEIQMSSGNLLFTG,False,True
ATETYFSLNNKFRNP,False,True
ATFKMRPMFAVGLLF,False,True
ATGNIVSSVNMISRM,False,True
ATLFETEETISLSSS,False,True
ATLFLWYFWQKKKQR,False,True
ATLFVWYFWQKKKQR,False,True
ATRAGLQVRKNKRRR,False,True
ATSIFKLTYQNKVVR,False,True
ATTLALVSAPAGGRA,False,True
ATVELLSFLPSDFFP,False,True
ATWASHIHLVIHRIR,False,True
AVAVLKYNGIITDTI,False,True
AVDTPWVEKESALSI,False,True
AVFFVLMMLVAPSYG,False,True
AVGLLFRRLTSREVL,False,True
AVGLVSILASSLLRN,False,True
AVGLVSLLGSALLKN,False,True
AVGMVSILASSLLKN,False,True
AVGVAALLPLPTVVA,False,True
AVLAYNDAYVMSAWG,False,True
AVLFVVTLIPLCRTS,False,True
AVLMYQGKRLEPSWA,False,True
AVLVATNFFGINTIP,False,True
AVNMTSRMLLNRFTM,False,True
AVPARTYLGITTVLT,False,True
AVSFVTLITGNMSFR,False,True
AVSGVYPMSIPATLF,False,True
AVTTAVLTPLLKHLI,False,True
AVVGLSMAASSALTL,False,True
AVVITLCAIILGGLT,False,True
AVYEKMFNWMVTRIN,False,True
AWALGMMVLKIVRNM,False,True
AWCLEQKRQNMVLRE,False,True
AWDFGSIGGVFTSVG,False,True
AWMVHRQWFLDLPLP,False,True
AWSASACHDGINWLT,False,True
AWTLYAVATTIITPM,False,True
AWTLYAVATTILTPM,False,True
AYAQMWSLMYFHRRD,False,True
AYGVLFSGVSWTMKI,False,True
AYNHALSELPETLET,False,True
AYPANFPYPLIGKTA,False,True
AYQHALNELPESLET,False,True
AYRNALSMMPEAMTI,False,True
AYRPPNAPILSTLPE,False,True
AYTKKLWQAIRAQDV,False,True
AYVFVGSSRYSKKFK,False,True
CAKFTCAKSMSLFEV,False,True
CAWCSDEALPLGSPR,False,True
CCDFVTNRAYAIASS,False,True
CECNIKVKDVNDNFP,False,True
CEMPRSLTLEVCQCD,False,True
CFLPVFLAQPPSGQR,False,True
CGGLKNVREVKGLTK,False,True
CGIRSVTRLENLMWK,False,True
CGSLIGLTSRATWAK,False,True
CHDGINWLTIGISGP,False,True
CILAWILVRIINVRS,False,True
CISIMIEEVMRSRWS,False,True
CITPYELTPGATVPF,False,True
CLRRRVTRKHMILAV,False,True
CLRRRVTRKHMILVV,False,True
CLTLFVEECLRRRVT,False,True
CLTYSYLSHVDLVKD,False,True
CMKPVILTDGEERVI,False,True
CMVVTRTEKDSYVVA,False,True
CNILKGKFQTAAQKA,False,True
CPKYVKQNALKLATG,False,True
CPKYVKQNTAKLATG,False,True
CPKYVKQNTLKAATG,False,True
CPLERFAELVGPVIP,False,True
CPRFQELESETLKSE,False,True
CPTQGEAILPEEQDQ,False,True
CPTQGEAVLPEEQDQ,False,True
CRDNWHGSNRPWVSF,False,True
CSPDEIMAYAQKIFK,False,True
CSPLECRTFFLTQGA,False,True
CTFEYVSQPFFMDLE,False,True
CTILAAVSVSPLLLT,False,True
CVSIMIEEVMRSRWS,False,True
CVVRPIDDRFGLALS,False,True
DAHGAMIRAQAGSLE,False,True
DAINFESNGNFIAPE,False,True
DAMMQALLGARAKES,False,True
DARFRMFSKQGVLTL,False,True
DAVAAVVAPVGVLVY,False,True
DAYVEKGILDKEEAE,False,True
DCEPGLELYFNEMIL,False,True
DDAAAGLTHMMIWHS,False,True
DDEQEILNYMSPHHK,False,True
DDFANDLKEGLRTFK,False,True
DDHYLLEFPTFPDGH,False,True
DDLMGSRSNFDSTLI,False,True
DDNRNIAWDTDKLDD,False,True
DDQRAWNIWEVEDYG,False,True
DDRFASALTALNDMG,False,True
DEFIPMKSSWGAIWR,False,True
DEHVVASDADLDAKL,False,True
DELAYVAQVWANQCQ,False,True
DELLHAYSEVYTLDI,False,True
DENPVVHFFKNIVTP,False,True
DEPTLLYVLFEVFDV,False,True
DEQEILNYMSPHHKK,False,True
DERFSTSLLFLNDMG,False,True
DERVSSDQSALSEFI,False,True
DFELIKTTAKEVALL,False,True
DFILATDIAEMGANL,False,True
DFNHYYTLKTGLEAD,False,True
DFQSHQLWTTLLSLT,False,True
DFSNITAASFLAKEG,False,True
DFSQEFSPIQEAQQD,False,True
DGASKLVKFHWKSLQ,False,True
DGDSYYYSEPTSENN,False,True
DGFFTAPGRTTSGKL,False,True
DGFLDIWTYNAELLV,False,True
DGIVAIDLDPVVYDA,False,True
DGIYGIFQSTFLGAS,False,True
DGIYRILQRGLLGRS,False,True
DGIYRIMQRGLLGRS,False,True
DGKKIDGRRVLVDVE,False,True
DGPSNGQASYKIFRI,False,True
DHALYALPGPTIVDL,False,True
DHNSPYIWPRNDYDG,False,True
DHWFSRGNSLSGVEG,False,True
DIDLRPASAWTLYAV,False,True
DIDPYKEFGATVELL,False,True
DILTEIASLPTYLSS,False,True
DIPVAFLAGGPHAVY,False,True
DIRWSLGDFGDIIMG,False,True
DISVVVQDPKNVYQR,False,True
DITFRKLYLKRKLIY,False,True
DITGVQSTLRFRVPW,False,True
DKEEIRRIWRQANNG,False,True
DKERERRRSRSRDRR,False,True
DKHSNGTIKDRSPYR,False,True
DKKGKVVGLYGNGVV,False,True
DKRQFELYKRTDIVE,False,True
DKRSVALAPHVGMGL,False,True
DLILEIGKLPQHLTL,False,True
DLIRLCIMVGANASD,False,True
DLLVTFKTAHAKKQE,False,True
DLMCHATFTMRLLSP,False,True
DLMCHATFTTRLLSS,False,True
DLRPASAWTLYAVAT,False,True
DLRVLSFIKGTKVLP,False,True
DLVRAYHAMSSTHEA,False,True
DMAEPSEAGDAPPDD,False,True
DMKFTVVVGDANGIL,False,True
DMRTEIIRMMESARP,False,True
DNEIFLTKKMTEVCQ,False,True
DNGAVAVLKYNGIIT,False,True
DNGTCYPGDFIDYEE,False,True
DNGYPDLIVGAYGAN,False,True
DNQLAYVVIGLLFMI,False,True
DNSVRIGSKGDVFVI,False,True
DPGADATAAYQELCR,False,True
DPIWFLNTEPSQLPP,False,True
DPKKTGGPIYRRVNG,False,True
DPNGWTGTDNNFSIK,False,True
DPRMCSLMQGSTLPR,False,True
DPYGDRLFFYLRKEQ,False,True
DPYKEFGATVELLSF,False,True
DQFEFALTAVAEEVN,False,True
DQRAWNIWEVEDYGF,False,True
DQTKIQYVIRAQLHV,False,True
DQVHFQPLPPAVVKL,False,True
DQYIYMGEPLENDED,False,True
DRDRDRDREHKRGER,False,True
DRDRKRRSSRSRERA,False,True
DREHKRGERGSERGR,False,True
DRERRRSHRSERERR,False,True
DRFANALLALNDMGK,False,True
DRFSAERLKGVDSTL,False,True
DRGFDGLAGLPGEKG,False,True
DRRRRSRSRDKEERR,False,True
DRRWCFDGPRTNTIL,False,True
DRSPYRTLMSCPIGE,False,True
DRTLMSAMTNLAALF,False,True
DSVKGRFTISRDNAK,False,True
DSYIVVGRGEQQINH,False,True
DTAWDFGSIGGVFTS,False,True
DTAWDFGSLGGVFTS,False,True
DTIETLMLLALIAVL,False,True
DTPVHDCNTTCQTPK,False,True
DTRPRFLQQDKYECH,False,True
DTRPRFLWQPKRECH,False,True
DTTESKLRREFEVYG,False,True
DTVDTVLEKNVTVTH,False,True
DTVGWSWPDGAELPF,False,True
DTVLEKNVTVTHSVN,False,True
DVDLRPASAWTLYAV,False,True
DVEAWRDRYRYHPDS,False,True
DVIPMVTQIAMTDTT,False,True
DVPMAGPLVAGGLLI,False,True
DVRIWPLDPSLLGEP,False,True
DVSFESLLFPELEAF,False,True
DWTRAEKTFSVYEIM,False,True
DYFIRMWNQAALAME,False,True
DYGFGVFTTNIWLKL,False,True
DYPKYSEEAKLNREE,False,True
DYVRMWVQAATAMSA,False,True
DYVRMWVQAATVMSA,False,True
EADKYRLTYAYFAGG,False,True
EAEPPFGDSYIIIGV,False,True
EAFPQSNAVIQDEER,False,True
EAGDAPPDDGPPGEL,False,True
EAIFKLTYQNKVVRV,False,True
EAIKRKLRTLILAPT,False,True
EAIMAVGMVSILASS,False,True
EALQYFALEAYAFDI,False,True
EALRGLPIRYQTPAI,False,True
EARNSTFLIDGPDTS,False,True
EAVEDERFWDLVHRE,False,True
EAYAFDIAAPGVGCA,False,True
ECLRRRVTRKHMILA,False,True
ECLRRRVTRKHMILV,False,True
EDDIFRKKRLTIMDL,False,True
EDGVNMCTLMAIDLG,False,True
EDGVNMCTLMAMDLG,False,True
EDKTPVTTWEDVPYL,False,True
EDLIFLARSALILAG,False,True
EDLIFLARSALILRG,False,True
EDLVAYGGSWKLEGR,False,True
EDLVRAYHAMSSTHE,False,True
EDPRDAPPPTRAETR,False,True
EDVPSGKLFMHVTLG,False,True
EDVSFQGRGVFELSD,False,True
EEAKLNREEIDGVKL,False,True
EEALKGLPIRYQTTA,False,True
EEDFFLYIAYSDESV,False,True
EEFLDYMPSMKRFRK,False,True
EEFTRKVRSNAALGA,False,True
EEHEILNDSGETVKC,False,True
EEILGPDGNTPQFEN,False,True
EEKMISDAILELKAS,False,True
EELPDTIETLMLLAL,False,True
EELPETMETLLLLGL,False,True
EENQWDSAKAAVEDE,False,True
EEPVNIEAEPPFGES,False,True
EEQIQVQVGEYSSVK,False,True
EEQSLPAGAQEALSD,False,True
EERVILAGPMPVTHS,False,True
EEVMRSRWSRKMLMT,False,True
EEWPEDERAAVVDAI,False,True
EFEFAQFPNWYISTS,False,True
EFESAQFPNWYISTS,False,True
EFFLIVLLIPEPEKQ,False,True
EFFLMVLLIPEPDRQ,False,True
EFFLMVLLIPEPEKQ,False,True
EFGATVELLSFLPSD,False,True
EFIWMCMTVRHRCQA,False,True
EFLDYMPSMKRFRKE,False,True
EFRVSTTENVVNLSN,False,True
EFSWQYLKPRRHQFK,False,True
EFYLAMPFATPMEAE,False,True
EGAMHSALAGATEVD,False,True
EGAMHSALTGATEVD,False,True
EGAMHTALTGATEIQ,False,True
EGDLLLKLNNYRYNK,False,True
EGGAHLVQDDVIPAN,False,True
EGICGIRSVTRLENL,False,True
EGIDHDVTSAKDGDY,False,True
EGIFKSIQYLTVTEE,False,True
EGIVLASAALGPLIE,False,True
EGKEELREIPTMLKK,False,True
EGSYFFGDNAEEYDN,False,True
EGVMAVGLVSILASS,False,True
EHALLATSIFKLTYQ,False,True
EHCSPHHTALRQAIL,False,True
EHKETWHYDQENPYR,False,True
EHKKLAEAIFKLTYQ,False,True
EHPTFTSQYRIQGKL,False,True
EIDIIDIQPESLSTF,False,True
EIGRMLNILNKRRRT,False,True
EIGRMLNILNRRRRT,False,True
EILNYMSPHHKKLAQ,False,True
EIPLQWIASAIVLEF,False,True
EIQNSGGTSIFAGHL,False,True
EIQVQINPTPFQQGG,False,True
EIRRIWRQANNGDDA,False,True
EITALILGAQALPVY,False,True
EITNKVNSVIEKMNT,False,True
EKDFLMLVDSVVTEL,False,True
EKDSPVNIEAEPPFG,False,True
EKFLNRLPKFVIRQG,False,True
EKGKIVKSVEMNAPN,False,True
EKGRDRDRERRRSHR,False,True
EKGSNDHYLALLVKY,False,True
EKHHNQPYCGIAPYI,False,True
EKIERRQQEVETELK,False,True
EKNLNVANSQNLVTA,False,True
EKPDMTIIGRRLQRL,False,True
EKPVNIEAEPPFGES,False,True
EKRIENLNKKVDDGF,False,True
EKSRVIFQLKAERNY,False,True
EKYQLAVTIMAILCV,False,True
EKYQLAVTIMAISCV,False,True
ELERIRRSILPYGDS,False,True
ELFVAAYVPYVAWLV,False,True
ELIDGISLGLILLKI,False,True
ELIMKDGRTLVVPCR,False,True
ELITSVIQDGDMVDT,False,True
ELLFAGLLIPSVEEQ,False,True
ELLHGAGNHAAGILT,False,True
ELLLRSLSFSNALSS,False,True
ELLSFLPSDFFPSVR,False,True
ELNYILLENDMKFTV,False,True
ELPDTIETLMLLALI,False,True
ELPETLETLLLLTLL,False,True
ELQDLALQGAKERAH,False,True
ELVGPVIPQDWSTEC,False,True
EMDYFIRMWNQAALA,False,True
EMILMKMKKKTWLVH,False,True
EMLRTRVGTKHAILL,False,True
EMNAPNYHYEECSCY,False,True
EMSALLARRRRIVEK,False,True
ENDQYIYMGEPLEND,False,True
ENGEWAIDFCPGVIR,False,True
ENILTVLLKTALLIV,False,True
ENLEYTIVITPHSGE,False,True
ENLEYTVVVTVHNGD,False,True
ENLLKEAIRAIFPSR,False,True
ENPKVHFFKNIVTPR,False,True
ENPVVHFFKNDVTPR,False,True
ENPVVHFFKNFVTPR,False,True
ENPVVHFFKNTVTPR,False,True
ENPVVHFFKNWVTPR,False,True
ENPVVHFFNNIVTPR,False,True
ENPVVHFFQNIVTPR,False,True
ENPVVHIFKNIVTPR,False,True
ENPVVHVFKNIVTPR,False,True
ENPVVYFFKNIVTPR,False,True
ENPYHARRGIKEHVI,False,True
ENQWDSAKAAVEDED,False,True
ENQWDSAKAAVEDEE,False,True
ENQWDSARAAVEDEE,False,True
ENRAELMILIATNLL,False,True
ENYLDYMTSMKRFKN,False,True
EPDVYYTSAFVFPTK,False,True
EPHWIAASIILEFFL,False,True
EPNFGTIFTSRSLVT,False,True
EPVQLETLSIRGNNI,False,True
EQMIQSVDRTAVTGA,False,True
EQSEFYFPRAPLNSN,False,True
ERARRERERKEELRG,False,True
ERELHKLGKCGSCVY,False,True
ERFAELVGPVIPQDW,False,True
ERLVLEQLGQLININ,False,True
ERMCNILKGKFQTAA,False,True
ERMVLSAFDERRNKY,False,True
ERQLQKIERWFVRNP,False,True
ERRAWNFLEVEDYGF,False,True
ERRAWNSLEVEDYGF,False,True
ERRRDRDRDRDRDRE,False,True
ERRRSRERSKDKDRD,False,True
ERSKDKDRDRKRRSS,False,True
ERSRERDKERERRRS,False,True
ERVILAGPIPVTPAS,False,True
ERVRFLDRYFYNQEE,False,True
ESCVYNMMGKREKKL,False,True
ESETLKSEEFQKRLH,False,True
ESHNQTFLIDGPETA,False,True
ESLETLMLVALLGAM,False,True
ESRNPGNAEFEDLTF,False,True
ESSWVNRGESSRKAY,False,True
ESTRIYQILAIYSTV,False,True
ESVAWSASACHDGIN,False,True
ESVIQHLGYLFLKMS,False,True
ESVLTRLEAWLTEHG,False,True
ESWILRNPGFALLAG,False,True
ETAWDFGSVGGLLTS,False,True
ETCVYNMMGKREKKL,False,True
ETLFYYVFTSWGTTL,False,True
ETMETLLLLGLMILL,False,True
ETQWASAKAAVEDED,False,True
ETREERMERKRREKI,False,True
ETRLIDERAAHINAQ,False,True
ETYQLWTALISLTCS,False,True
EVDILGSFGRKPVSE,False,True
EVETELKMWDPHNDP,False,True
EVIGLYGNGILVGDN,False,True
EVIIMDEAHFLDPAS,False,True
EVIPMFSALSEGATP,False,True
EVWKRELNLLDKRQF,False,True
EWKEGEEVQVLALEP,False,True
EWLWRTLGRNKRPRL,False,True
EWNFRKDVNMVLQSS,False,True
EYAYKIVKKGDSTIM,False,True
EYLSPGLVQFARATE,False,True
EYTIVITPHSGEEHA,False,True
FALDQEDWKSDPSQG,False,True
FALLLVLAGWLFHVR,False,True
FAPRDPIPYLPPLEK,False,True
FAYYKVILTVLQNLA,False,True
FCEGTTVVVTEDCGN,False,True
FDFCEGTTVVVTEDC,False,True
FDLCEGTTVVVDEHC,False,True
FDLFIPESSNDIASK,False,True
FDLFLFSNGAVVWWG,False,True
FDRSTKVIDFHYPNE,False,True
FEATGNLVVPRYAFA,False,True
FEEYKRSGILEVDRT,False,True
FEGWLLIKAQHGTRM,False,True
FELIKTEAKQLATLR,False,True
FESIGAKRTLTISQC,False,True
FESTYRGAKRMAILG,False,True
FETTMRGAKRMAILG,False,True
FFAVTALTIAYLVGS,False,True
FFGQNTAAIAATEAQ,False,True
FFLLTRILTIPQSLD,False,True
FFLMVLLIPEPDRQR,False,True
FFQMTNTNPDQKCIT,False,True
FFRMVISNPAATHQD,False,True
FFVKNPTDTGHGTVV,False,True
FGATVELLSFLPSDF,False,True
FGDNPRPNDKTGSCG,False,True
FGDSYIIVGRGDSRL,False,True
FGESYIVIGAGEKAL,False,True
FGFYQVKTETTILDV,False,True
FGIFTTNIWLKLRDS,False,True
FGIFVVDKNTGDINI,False,True
FGMFTTNIWMKFREG,False,True
FGQLGWIGGSGVDRN,False,True
FGQNTGAIAAAEARY,False,True
FGQNTSAIAAAEAQY,False,True
FGVFTTNIWLKLRDV,False,True
FGVFTTNIWLKLREK,False,True
FGVFTTNIWLKLREV,False,True
FHERGYVKLEGRVID,False,True
FHGLDVKFHTQAFSA,False,True
FHRDITFRKLYLKRK,False,True
FHTYTIDWTKDAVTW,False,True
FIAKVRSHAAIGAYL,False,True
FIDGISLGLILLKMV,False,True
FIDYEELREQLSSVS,False,True
FIIDGKSRKECPFSN,False,True
FIKGTKVLPRGKLST,False,True
FILLTAVAPSMTMRC,False,True
FIMSLASADLVMGLL,False,True
FISKVRSNAAIGAVF,False,True
FITFLRVLSIPPTAG,False,True
FIYNDVEAWRDRYRY,False,True
FKKEISNMLNIMNRR,False,True
FKKEISSMLNIMNRR,False,True
FKKNGAIKVLRGFKK,False,True
FKKRNLTIMDLHPGS,False,True
FKSIQHLTVTEEIAV,False,True
FKTLTGEIGAVTLDF,False,True
FKTPEGEVGAIALDF,False,True
FLALGFFLRKLTSRE,False,True
FLEFEALGFLNEDHW,False,True
FLENAHEHHGVYNQG,False,True
FLFFMQGKGIGKLSM,False,True
FLFNILTGKKITAHL,False,True
FLGAGLFIYFKNQKG,False,True
FLGAGLFIYFRNQKG,False,True
FLGLVAWVHGDPRRA,False,True
FLMKLSHETVTIELK,False,True
FLPQILAECARRRLR,False,True
FLRFLAIPPTAGILA,False,True
FLRFLTIPPTAGILK,False,True
FNEMILLTMKNKAWM,False,True
FNKPYWLQKAQGHNN,False,True
FNTYKRSGIMEVDRS,False,True
FPKTTNGCSQAMAAL,False,True
FPQQPQQPYPQQPQQ,False,True
FPQSNAVIQDEERDI,False,True
FQDSGLLYLAQELPA,False,True
FQELESETLKSEEFQ,False,True
FQPHHLWTTLLSLTF,False,True
FQPHQLWTTLLSLTF,False,True
FQSYQLWATLLSLTF,False,True
FQSYQLWVTLLSLTF,False,True
FQTTTGEIGAIALDF,False,True
FQVIYEQANAHGQKV,False,True
FRIEKGKIVKSVEMN,False,True
FRKKRLTIMDLHPGA,False,True
FRKLYLKRKLIYDAA,False,True
FRKRNLTIMDLHPGS,False,True
FRLLQNSQVYSLIRP,False,True
FRNCPRFQELESETL,False,True
FRYQSLLTRARARGL,False,True
FSFKYGNGVWIGRTK,False,True
FSIMKSVGTGKRGTG,False,True
FSLHYAWKTMAMVLS,False,True
FSVQRNLPFDRTTIM,False,True
FTILALFLAHYIGTS,False,True
FTMGVLCLAILFEEV,False,True
FTNIEVQLIRQMESE,False,True
FTNMEAQLIRQMEGE,False,True
FTNMEAQLIRQMESE,False,True
FTNMEAQLVRQMEGE,False,True
FTNMEVQLVRQMEGE,False,True
FTRKVRSNAAIGAVF,False,True
FTRKVRSNAALGAIF,False,True
FTSQYRIQGKLEYRH,False,True
FTTRVYMDAVFEYTI,False,True
FTVFLTMFGEKLKGA,False,True
FVGVMYNLWKMKTGR,False,True
FVIREPFISCSPLEC,False,True
FVQHPELTGLDCIRP,False,True
FVRNPFFAVTALTIA,False,True
FVSIIHGLTQSIEES,False,True
FWEQGGLCKALQEQC,False,True
FWMCSNGSLQCRICI,False,True
FWNTTIAVSMANIFR,False,True
FWNTTIAVSTANIFR,False,True
FYGSNPRGAAPDDHG,False,True
FYHKCDNTCMESVKN,False,True
FYYVFTSWGTTLRFS,False,True
GAFNMMGGCLQNALD,False,True
GAIKVLKGFKKEISN,False,True
GAIKVLRGFKKEISN,False,True
GAILRRQYNLSTSPL,False,True
GAKEIDIAATLEHLR,False,True
GAMHTALTGATEIQN,False,True
GAMHTALTGATEIQT,False,True
GAMVATNFFGINTIP,False,True
GARFLEFEALGFMNE,False,True
GASSSLSPLQAELLP,False,True
GATRDRPLWIIFSGN,False,True
GATVELLSFLPSDFF,False,True
GAYRIKQRGILGYSQ,False,True
GAYVSAIAQTEKSIE,False,True
GCGLFGKGGIVTCAM,False,True
GCGYLMFLGGVKPTH,False,True
GDAFKTLFVARVNYD,False,True
GDIIGLYGNGVELGD,False,True
GDKVNFFRMVISNPA,False,True
GDLILEIGKLPQHLT,False,True
GDLLLKLNNYRYNKD,False,True
GDLPVWLAYKVAAEG,False,True
GDPDMMRYVDKYGQL,False,True
GDVFVIREPFISCSP,False,True
GDVIGLYGNGVIMPN,False,True
GEAAAIFMTATPPGS,False,True
GEAAGIFMTATPPGS,False,True
GEAEEGKRDKNDADE,False,True
GEDGIAGFKGEQGPK,False,True
GEEYLILSARDVLAV,False,True
GEFGKAKGSRAIWYM,False,True
GEFRYYPNIIAKGVG,False,True
GEGLHRLGYILEDID,False,True
GEKRAYAASDPGRYC,False,True
GELGPDGPDGPEEKG,False,True
GELTLQFRRVKCKYP,False,True
GEPMPLPDLPYPATP,False,True
GERGSERGRDEARGG,False,True
GESYIVVGAGEKALK,False,True
GEVIGLYGNGILVGD,False,True
GEVWKRELNLLDKQQ,False,True
GFALLAGFMAYMIGQ,False,True
GFDWITDYQGKTVWF,False,True
GFEMIWDPNGWTGTD,False,True
GFFSPMLGEFVSETE,False,True
GFGFFTTNIWLKLRE,False,True
GFGIFHTSVWLKVRE,False,True
GFGVFHTSVWLKVRE,False,True
GFGVFTTNIWLKLKE,False,True
GFGVFTTNIWLKLRE,False,True
GFIFFFLFNILTGKK,False,True
GFKGEQGPKGEDGPA,False,True
GFMAYMIGQTGIQRT,False,True
GFPAERLEGVYSNNI,False,True
GFRKEIGRMLNILNG,False,True
GFRKEIGRMLNILNR,False,True
GGAMLFLISGKGIGK,False,True
GGDEDKMKRMNTLYK,False,True
GGFRIVNMLKRGVAR,False,True
GGFYADDTAGWDTRI,False,True
GGGVEGIGLQYLGYV,False,True
GGHNGVFDFPDSGTH,False,True
GGIGRFYIQMCTELK,False,True
GGIVDSSKSHRVPLD,False,True
GGQSSFYSDWYQPAC,False,True
GGTYVSAIAQAKTSQ,False,True
GGVFTSIGKALHQVF,False,True
GGVHPAIALREYRKK,False,True
GGVLNSLGKMVHQIF,False,True
GGVLWDTPSPKEYKK,False,True
GGVMGGLWKYLNAVS,False,True
GGVSWMIRILIGFLV,False,True
GGVSWMVRILIGFLV,False,True
GGVSWMVRILIGLLV,False,True
GHDTCRDVAKYQVGQ,False,True
GHDWILADKRPTAWF,False,True
GHEWVTDFKGKTVWF,False,True
GIAGFKGEQGPKGET,False,True
GIAGNKGDQGPKGEP,False,True
GIALGLMALKLITQF,False,True
GIDFNEMILMKMKKK,False,True
GIFLFLMSGKGIGKM,False,True
GIGKTSIGLICVIVS,False,True
GIGKTTIGLICVIVS,False,True
GIITLYLGAVVQADM,False,True
GIKITHFTTWTSIPT,False,True
GILAVFFLLIMGQLT,False,True
GILTLAAIVAANEMG,False,True
GIMILKLLTDFQSHQ,False,True
GINAVAYYRGLDVSV,False,True
GINTIPIAINEAEYV,False,True
GINTRNMTMSMSMIL,False,True
GINWLTIGISGPDNG,False,True
GISLGLILLKIVTQF,False,True
GIVLLSQSTIPETIL,False,True
GIVSILLSSLLKNDV,False,True
GIYRIMQRGLLGRSQ,False,True
GKAYQHALNELPESL,False,True
GKEVLVLWGIHHPST,False,True
GKFWNTTIAVSMANI,False,True
GKGSIVACAKFTCAK,False,True
GKLELDFDLCEGTTV,False,True
GKLSMGLIAIAVASG,False,True
GKLSMGLITIAVASG,False,True
GKLVRAVSSSFEDVW,False,True
GKMQLNRNPRNYFAE,False,True
GKNRAINMLKRGLPR,False,True
GKPAIIPDREVLYRE,False,True
GKSRAVNMLKRGMPR,False,True
GKSSFFRNVVWLIKK,False,True
GKSVVVLNRKTFERE,False,True
GKTKRYLPAIVREAI,False,True
GKTLGEVWKRELNLL,False,True
GKTLGVNMVRRGVRS,False,True
GKVFRGNKVKNAQLA,False,True
GKVIGLYGNGVVTKS,False,True
GKVVGLYGNGVVTKN,False,True
GKVVGLYGNGVVTRS,False,True
GLAFSIMKSVGTGKR,False,True
GLAFSLIKNAQAPRR,False,True
GLAFSLMKSLGGGRR,False,True
GLAGDAWHGPASLAM,False,True
GLARVIKNDSNYVVK,False,True
GLDLLFWEQGGLCKA,False,True
GLGGTRRGGADVNIR,False,True
GLGKTSIGLLCVMAS,False,True
GLGNDSRDMYMESEG,False,True
GLHRLGYILEDIDKK,False,True
GLHRLGYILEEIDKK,False,True
GLIYNRMGAVTTERA,False,True
GLIYNRMGAVTTEVA,False,True
GLLFRGLTSREVLLL,False,True
GLLFRRLASREVLLL,False,True
GLLFSIMKNTTNTRR,False,True
GLMILLTGGAMLFLI,False,True
GLNFVSVKGPELLNM,False,True
GLNPTAIFLTTLSRT,False,True
GLPIRYQTPAIKTEH,False,True
GLPIRYQTPAIRAEH,False,True
GLPIRYQTPAIRAVH,False,True
GLPIRYQTPAVKSEH,False,True
GLPIRYQTTATKSEH,False,True
GLPVEYLQVPSPSMG,False,True
GLRTLILAPTRVVAA,False,True
GLSGLELDGMAELMA,False,True
GLSSRKRRSHDVLTV,False,True
GLVCTVWAISALVSF,False,True
GLVSMMIAMEVVLRK,False,True
GLWKYLNAVSLCILT,False,True
GMALFLEEMLRTRVG,False,True
GMLWMADVPLQWIAS,False,True
GMMVLKMVRDMEKYQ,False,True
GMPIRYQTTAVKSEH,False,True
GMSYAMCTNTFVLKK,False,True
GMSYVMCTGSFKLEK,False,True
GMVSILASSLLKNDI,False,True
GMVTLYLGVMVQADL,False,True
GNETWKLAKASFIEV,False,True
GNEWITDFVGKTVWF,False,True
GNGCFEFYHKCDNTC,False,True
GNGFKELLFAGLLIP,False,True
GNHYAFVGVMYNLWK,False,True
GNIVSAVNMTSRMLL,False,True
GNLIAPWYAFALSRG,False,True
GNRPTMEAVGAYDVI,False,True
GNSIQSIGASVKAAM,False,True
GNSYPKLSKSYINDK,False,True
GNTNQQRASAGQISI,False,True
GNTSLLWNGPMAVSM,False,True
GNVLVIVAIAKTPRL,False,True
GNWQYFFPVIFSKAS,False,True
GPARVIYTYPNKVFC,False,True
GPDGPEEKGRDRDRE,False,True
GPERVILAGPIPVTP,False,True
GPIKRIHMVYSKRSG,False,True
GPKGQTGEDGIAGFK,False,True
GPLKLYMALVAFLRF,False,True
GPMVAGGLLLAAYVM,False,True
GPSLRTTTASGKLIT,False,True
GPTIQAEVYDTVVIT,False,True
GQGRKMIRPQPMEYK,False,True
GQLTWNDLIRLCIMV,False,True
GQNLKYQEFFWDAND,False,True
GQQIKVIPVDPYFFQ,False,True
GQVELGGGNAVEVLK,False,True
GQVELGGGPGAESLQ,False,True
GQVELGGGPGAGSCQ,False,True
GQVELGGGSSPETLI,False,True
GQVELGGGTPIESHQ,False,True
GRAYQHALNELPESL,False,True
GRAYRHAMEELPDTI,False,True
GRAYRHAVEELPETM,False,True
GRFTISRDNAKNSLY,False,True
GRFWNTTIAVSMANI,False,True
GRFWNTTIAVSTANI,False,True
GRGRGRGRGRGGPRR,False,True
GRGVFELSDEKAASP,False,True
GRMLNILNGRKRSTI,False,True
GRMLNILNGRKRSTM,False,True
GRMLNILNGRKRSTV,False,True
GRMLNILNGRRRSTM,False,True
GRMLNIMNRRRRTAG,False,True
GRRLMIGTAAAVVLP,False,True
GRSFTLASSETGVGA,False,True
GRTLRVLKMVEPWLR,False,True
GRTLRVLKMVEPWLS,False,True
GRVIGLYGNGVVIKN,False,True
GRVIIMVGAAMTDEM,False,True
GRVMVMVGATMTDDI,False,True
GSAKLRWFVERNMVT,False,True
GSASLVAAAQMWDSV,False,True
GSAVVGLSMAASSAL,False,True
GSCVYNMMGKREKKL,False,True
GSGKAFCVDGEGRRL,False,True
GSIVACAKFTCAKSM,False,True
GSNRPWVSFNQNLEY,False,True
GSQQWRGLSRYFKVQ,False,True
GSRGSSDLARDVHGF,False,True
GSSARYDVALSEQGE,False,True
GSSFQTVSALHRENL,False,True
GSSIGKLFTQTMKGV,False,True
GSVAHKSCLPACVYG,False,True
GSVGGVFTSVGKAIH,False,True
GSYLAGAGLALSIMK,False,True
GTAKLRWFVERNLVK,False,True
GTAMVRVGTRLPAIP,False,True
GTAYNALAPKGAPNP,False,True
GTDNNFSIKQDIVGI,False,True
GTEIRRSDAPRLVDL,False,True
GTFYLNHTFKKVAIT,False,True
GTLQSLGAEIAVEQA,False,True
GTLSKIFKLGGRDSR,False,True
GTLTSAINRRSTKQK,False,True
GTMVMELVRMIKRGI,False,True
GTNLVLYAAPLNPLL,False,True
GTQQWRGLARYFKIR,False,True
GTRKIMKVVNRWLFR,False,True
GTRMVMTTTANWLWA,False,True
GTTLRFSNTKELIDA,False,True
GTYDYPKYSEEAKLN,False,True
GTYGLNTFTNMEAQL,False,True
GTYRLIPNARANLTA,False,True
GTYVSAIAQAKASQE,False,True
GVFHTMWHVTRGSVI,False,True
GVFLRKLTSRETALM,False,True
GVFQENVFHTMWHVT,False,True
GVFTSVGKAIHQVFG,False,True
GVGLAMATTLQLPED,False,True
GVIMMFLSLGVGADQ,False,True
GVLGMALFLEEMLRT,False,True
GVLVATNFFGINTIP,False,True
GVMAVGLVSILASSF,False,True
GVSWTMKIGIGILLT,False,True
GVTLFFLSGRGLGKT,False,True
GVTYLALIATFKIQP,False,True
GVVLLSQSTIPETIL,False,True
GVVTLYLGAMVQADS,False,True
GVVTLYLGVVVQADS,False,True
GWNLVRLQSGVDVFF,False,True
GWNSITVMPLLCGIG,False,True
GWSYYMATLKNVTEV,False,True
GWTGTDNNFSIKQDI,False,True
GWYGYHHQNEQGSGY,False,True
GWYTYMLLPAALTGL,False,True
GYAAASAVAARLNPL,False,True
GYDEVIALAKSNGTE,False,True
GYDPYYTYSGSIPYL,False,True
GYDWITGFPGKTVWF,False,True
GYHHQNEQGSGYAAD,False,True
GYNSYSVSNSEKHIM,False,True
GYSLVGIDPFRLLQN,False,True
GYYFRVFSQNMVGFS,False,True
HADMGYWIESALNDT,False,True
HADMGYWIESEKNET,False,True
HADMGYWIESQKNGS,False,True
HADMGYWIESSKNQT,False,True
HAKHEWMTTEDMLAV,False,True
HAKKQEVAVLGSQEG,False,True
HATLLVAVSFVTLIT,False,True
HATLTYRMLEPTRVV,False,True
HDLMEFIDGISLGLI,False,True
HDYLTSLHGLTSKLV,False,True
HEANTMAMMARDTAE,False,True
HEMYWVSGASGNIVS,False,True
HEMYYVSGARSNVTF,False,True
HERDMHSAYKHADGK,False,True
HFADGYDEVIALAKS,False,True
HFFSVGGEALELQGV,False,True
HFQPLPPAVVKLSDA,False,True
HGQKVQAAGNNMAQT,False,True
HGVFTSYGDFSNITA,False,True
HHWIKVEYGNLSLSG,False,True
HIDYWKHMRLECALY,False,True
HIFYQILSNKKPELL,False,True
HKCICKGRSVSLTTF,False,True
HKGFKGVDAQGTLSK,False,True
HKIFMKDGRSLVVPC,False,True
HLAVLIFAPNSILYS,False,True
HLKCKVRMEKLRIKG,False,True
HLRGFSKSISISDTF,False,True
HLTLRAQNALDNLVM,False,True
HLVQDDVIPANWKPD,False,True
HMIAGVLFTFVLLLS,False,True
HNVAMMLAQLVSGGS,False,True
HPGFTILALFLAHYI,False,True
HPGFTVIALFLAHAI,False,True
HPPKDHIVNYPASHT,False,True
HPQQFIYAGSLSALL,False,True
HPQQFVYAGAMSGLL,False,True
HQIFGSAYTALFSGV,False,True
HQIFGTAYGILFSGV,False,True
HQIFGTAYGVLFSGV,False,True
HQLWTTLLSLTFIRT,False,True
HQNEQGSGYAADLKS,False,True
HQSAVIKLMPNITLL,False,True
HQVFGSVYTTMFGGV,False,True
HQVFGTAYGVLFSGV,False,True
HRDITFRKLYLKRKL,False,True
HRRLAGQFLEELRNP,False,True
HSAAFEDLRVLSFIK,False,True
HSDHAESSWVNRGES,False,True
HSGASHNILVEVQDD,False,True
HSGASHSILVEVQDD,False,True
HSGTSHNILVEVQDD,False,True
HTALTGATEIQMSSG,False,True
HTALTGATEIQNSGG,False,True
HTALTGATEIQTSGT,False,True
HTLWSNGVLESEMII,False,True
HTMWHVTRGAVLTYN,False,True
HVDLVKDLNSGLIGA,False,True
HVPEYIEKLPEIRAK,False,True
HVTRGAVLMHRGKRI,False,True
HWFRKGSSIGKMFES,False,True
HWIAASIILEFFLMV,False,True
HWIKVEYGNLSLSGI,False,True
HWLWFMRKTHKVDNS,False,True
HWVEITALILGAQAL,False,True
HYNYMCNSSCMGSMN,False,True
IAASIILEFFLMVLL,False,True
IAAYHFDLSGKAFGA,False,True
IACYVITGTSADLTV,False,True
IAGVFFTFVLLLSGQ,False,True
IAILTVVAATMANEM,False,True
IAKVRSHAAIGAYLE,False,True
IALGIMVLKMVRSME,False,True
IAQYAAQNRRGLDLL,False,True
IASAIVLEFFMMVLL,False,True
IATFKIQPFLALGFF,False,True
IAVGGLLMMLVSVAG,False,True
IDCWCNLTSAWVMYG,False,True
IDDRFATALIALNDM,False,True
IDDRFATALTALNDM,False,True
IDGRRVLVDVERGRT,False,True
IDIQKDTAVEGEEIE,False,True
IDKKGKVVGLYGNGV,False,True
IDNFSLGVLGMALFL,False,True
IDPFRLLQNSQVFRL,False,True
IDPFRLLQNSQVFSL,False,True
IDPYKEFGATVELLS,False,True
IDVKMMNMEAANLAD,False,True
IDWTKDAVTWSIDGA,False,True
IEEVMRSRWSRKMLM,False,True
IEGKVVQHENLKYTV,False,True
IEGKVVQYENLKYTV,False,True
IEKMNTQFTAVGKEF,False,True
IENSTANVSLAAIAN,False,True
IENTSANLSLAAIAN,False,True
IETYLLEKSRVIFQL,False,True
IFILLMLVTPSMTMR,False,True
IFILLTAVAPSMTMR,False,True
IFKLTYQNKVVRVQR,False,True
IFLFFMQGKGIGKLS,False,True
IFRGSYLAGAGLAFS,False,True
IFRKKRLTIMDLHPG,False,True
IFSALVVAWYSSACH,False,True
IFTPEAKNSTFLIDG,False,True
IFTPEARNSTFLIDG,False,True
IGADIQNTTFIIDGP,False,True
IGEPDYEVDEDIFRK,False,True
IGEVPSPYNSRFESV,False,True
IGGQIHLAIMAVFKM,False,True
IGGQTHLAIMAVFKM,False,True
IGGRVHFFKDISPIA,False,True
IGIITLYLGAVVQAD,False,True
IGIVLLSQSTIPETI,False,True
IGKASIGLICVIVSS,False,True
IGKLSMGLIAIAVAS,False,True
IGKTSIGLICVIASS,False,True
IGLICVIASSGMLWM,False,True
IGLLFMILAVAANEM,False,True
IGLVSILASSLLRND,False,True
IGQTGIQRTVFFILM,False,True
IGRMLNILNGRKRST,False,True
IGRMLNILNKRRRTA,False,True
IGRMLNILNRRRRSA,False,True
IGRMLNILNRRRRST,False,True
IGRMLNILNRRRRSV,False,True
IGRMLNILNRRRRTT,False,True
IGRMLNILNRRRRTV,False,True
IGRMLNIMNRRRRTA,False,True
IGRMMNILNRRRRTA,False,True
IGSVCMTIGMANLIL,False,True
IGTTHFQRALIFILL,False,True
IGVITLYLGAVVQAD,False,True
IGVVLLSQSTIPETI,False,True
IGYHANNSTDTVDTV,False,True
IHHPSTSADQQSLYQ,False,True
IHLFEAEFTQVAKKE,False,True
IHMVYSKRSGKPRGY,False,True
IHSLLDEGKQSLTKL,False,True
IISDTPVHDCNTTCQ,False,True
IITIGSVCMTIGMAN,False,True
IKGIMHAGKRSLRPQ,False,True
IKGIMQAGKRSLRPQ,False,True
IKGPLRISASSAAQR,False,True
IKIFMLVTAVVLLCC,False,True
IKKSKAINVLRGFRK,False,True
IKRKLRTLILAPTRV,False,True
IKVLRGFKKEISSML,False,True
ILADKRPTAWFLPSI,False,True
ILAECARRRLRTLVL,False,True
ILALFLAHYIGTSLT,False,True
ILAPTRVVAAEMEEA,False,True
ILAVVSVSPLLLTSS,False,True
ILAYTIGTTHFQRAL,False,True
ILCTSQILLMRTTWA,False,True
ILCVPNAVILQNAWK,False,True
ILCVSILIEEVMRSR,False,True
ILDVDLRPASAWTLY,False,True
ILEDIVLTLTLFEDR,False,True
ILEFFLIVLLIPEPE,False,True
ILKLLTDFQSHQLWA,False,True
ILLVAVSFVTLITGN,False,True
ILPIAEMSVVAMEFG,False,True
ILTIIGLIAANEMGL,False,True
ILTVLQNLALIVASG,False,True
ILVVLLYTFATANAD,False,True
IMAVFKMSPGYVLGI,False,True
IMAVFKMSPGYVLGV,False,True
IMAVLFVVTLIPLCR,False,True
IMGQLTWNDLIRLCI,False,True
IMHSINGYVFDSLQL,False,True
IMIEEVMRSRWSRKM,False,True
IMLYALIATQFSDDA,False,True
IMMLKLLTEFQPHQL,False,True
IMNRRKRSVTMLLML,False,True
IMSLASADLVMGLLV,False,True
IMYNYPAMLGHAGDM,False,True
INEGIMAVGIVSILL,False,True
INRWGSVGKKEAMEI,False,True
INSARMYAGPGSASL,False,True
INTPEGIIPALFEPE,False,True
INVLRGFRKEIGRML,False,True
IPATLFVWYFWQKKK,False,True
IPINYNASKEWADKK,False,True
IPTHLFTFIQFKKDL,False,True
IPVAFLAGGPHAVYL,False,True
IPVFFIQDAILFPDL,False,True
IPYLPPLEKLPHEKH,False,True
IQHICLKHTTCFQDV,False,True
IQKKTLVTFKNPHAK,False,True
IQPFLALGFFLRKLT,False,True
IQPHWIAASIILEFF,False,True
IQPQWIAASIILEFF,False,True
IQTAINQVRSLIGNE,False,True
IQTFEGWLLIKAQHG,False,True
IQVAINQVRRLIGNE,False,True
IREAIKRRLRTLILA,False,True
IRGNNIRYFILPDSL,False,True
IRGRPKENTIWTSGS,False,True
IRLHTLLAVLTAAPL,False,True
IRPCFWVELIRGRPK,False,True
IRPNENPAHKSQLVW,False,True
IRSTMPLVMAWRTIM,False,True
IRSTMSLVMAWRTIM,False,True
IRTRSGGNTNQQRAS,False,True
IRVLKMVEPWLRNNQ,False,True
IRVLRMVEPWLKNNQ,False,True
IRWSLGDFGDIIMGT,False,True
ISADAMMQALLGARA,False,True
ISCVPNAVILQNAWK,False,True
ISDVQVFWYSLRFNA,False,True
ISFWMCSNGSLQCRI,False,True
ISHSIQLGNQNQIET,False,True
ISIQPTFSVQRNLPF,False,True
ISKWLVQQYQSLYGT,False,True
ISLGLILLKMVTHFD,False,True
ISNELNYILLENDMK,False,True
ISNGTGNIVASVNMV,False,True
ISRMLINRFTMKHKK,False,True
ISRMLINRFTMRHKK,False,True
ISSCLQQLSLLMWIT,False,True
ISYIMLIFFVLMVVV,False,True
ITAAAWYLWEVKKQR,False,True
ITALKNIFSKAYVAL,False,True
ITDKNYEHIAAYHFD,False,True
ITFLRVLSIPPTAGI,False,True
ITFRKLYLKRKLIYD,False,True
ITLFLGFTVHADTGC,False,True
ITLFLGFTVQADMGC,False,True
ITLLCLIPTVMAFHL,False,True
ITLLVKLALITVSGL,False,True
ITLTAALLLLIAHYA,False,True
ITLYLGAVVQADMGC,False,True
ITNTATTVLLDEFGV,False,True
ITQFETYQLWTALIS,False,True
ITREEKPAVTAAPKK,False,True
IVASVNMVSRLLLNR,False,True
IVEKAADVTWEEEAE,False,True
IVGLYGNGVVTTSGT,False,True
IVGRGDSRLTYQWHK,False,True
IVNRRKKTSLCLMMM,False,True
IVNVDQRQYGDVFKG,False,True
IVPEEFVPITKLGKM,False,True
IVPSFDMSNEGSYFF,False,True
IVREAIKRGLRTLIL,False,True
IVREAIKRRLRTLIL,False,True
IVREALKRRLRTLIL,False,True
IVSILLSSLLKNDVP,False,True
IVSSVNMVSRLLLNR,False,True
IWLVKKGNSYPKLSK,False,True
IWRIDPKKPLKGPFS,False,True
IWTSGSSISFCGVNS,False,True
IYLRKSLQNSEFLLE,False,True
IYRIMQRGLLGRSQV,False,True
IYRWIREWGRDYVSE,False,True
IYVSIDVTLQQLESH,False,True
KAALTRTASNMNAAA,False,True
KAGKSVVVLNRKTFE,False,True
KAGVYKLTGAIMHYG,False,True
KAIFKLTYQNKVVKV,False,True
KAKIVIAETQNSSFI,False,True
KAKNFVTSLLSIIND,False,True
KALSYLVSFQRHMRM,False,True
KANMNNQFITALKNI,False,True
KAQYVRLYFQVCRRH,False,True
KAQYVRLYPQVCRRH,False,True
KAVIFTLLMLVTPSM,False,True
KAWIVHRQWFFDLPL,False,True
KAWLVHRQWFLDLPF,False,True
KAYANMWSLMYFHKR,False,True
KAYAQMWSLMYFHRR,False,True
KAYMDVISRRDQRGS,False,True
KCDNTCMESVKNGTY,False,True
KCGSCVYNMMGKREK,False,True
KCRLKMDKLELKGMS,False,True
KCRLKMDKLTLKGMS,False,True
KCRLRMDKLQLKGMS,False,True
KDELRRKMMYMCYRN,False,True
KDFLEDERAAVDTYC,False,True
KDFLEDRRAAVDTYC,False,True
KDFLEDRRALVDTYC,False,True
KDFVSIIHGLTQSIE,False,True
KDILEDKRAAVDTYC,False,True
KDILEDRRALVDTYC,False,True
KDILEDRRGQVDTYC,False,True
KDILEQARAAVDTYC,False,True
KDIRWSLGDFGDIIM,False,True
KDLGLGGITMQQSEI,False,True
KDLLEDRRAAVDTYC,False,True
KDLLEDRRALVDTYC,False,True
KDLLEQKRGRVDNYC,False,True
KEAVEDERFWDLVHR,False,True
KEDEHVVASDADLDA,False,True
KEEFIAKVRSHAAIG,False,True
KEFGATVELLSFLPS,False,True
KEFKDFAAGRKSIAL,False,True
KEFNHLEKRIENLNK,False,True
KEGFGHLSPTGTTEF,False,True
KEGKQTPVFVRFSTV,False,True
KEIFTYKKMVEDYYK,False,True
KEIGNGCFEFYHKCD,False,True
KEISSMLNIMNRRKR,False,True
KELLVTFKNAHAKKQ,False,True
KEMLVTFKNPHAKKQ,False,True
KEMLVTFKNPHAKRQ,False,True
KESALSIDYKTALGA,False,True
KEWEALCAYQAEPNS,False,True
KEWQALCAYQAEPNT,False,True
KFKELYGVSFSELVR,False,True
KFKPEIAIRPKVRDQ,False,True
KFQPESPARLASAIL,False,True
KFTVVVGDVSGILAQ,False,True
KGEEVQVIAVEPGKN,False,True
KGEYTAIGKLIVYCY,False,True
KGIMQAGKRSLRPQP,False,True
KGKTVWFVPSIKAGN,False,True
KGLLNGQGPMKLVMA,False,True
KGMPIRYQTTAVKSE,False,True
KGPIRFVLALLAFFR,False,True
KGPLRISASSAAQRR,False,True
KGSLLPQRSDQHQPA,False,True
KGVGTMVMELVRMIK,False,True
KGWRPRRLGGGLGGT,False,True
KHAILLVAVSFMTLI,False,True
KHKWKLSGVERANSV,False,True
KHMIAGVLFTFVLLL,False,True
KIFMLVTAVVLLCCS,False,True
KIFTPEARNSTFLID,False,True
KIIGADIQNTTFIID,False,True
KILAKAIFKLTYQNK,False,True
KIMKVVNRWLFRHLA,False,True
KISQLTRMGPTELLI,False,True
KITFEATGNLVVPRY,False,True
KIVKSVEMNAPNYHY,False,True
KIVRNMEKYQLAVTI,False,True
KKEISSMLNIMNRRK,False,True
KKELLVTFKNAHAKK,False,True
KKGFLNTRTVKVASN,False,True
KKGSGEPLIDVHDLI,False,True
KKHMIAGVFFTFVLL,False,True
KKLAEAIFKLTYQNK,False,True
KKLWQAIRAQDVCGN,False,True
KKNGAIKVLRGFKKE,False,True
KKQGEFGKAKGSRAI,False,True
KKTLVTFKNPHAKKQ,False,True
KKTSICLMMMLPATL,False,True
KKVIQLSRKTFDSEY,False,True
KKVLTSVARLSSKSV,False,True
KKVRTNAAMGAVFTE,False,True
KLAEAIFKLTYQNKV,False,True
KLALYLLLALSLASV,False,True
KLEVYQSIADLMVGA,False,True
KLHLSSHLAVLIFAP,False,True
KLITQFETYQLWTAL,False,True
KLIVYCYNRLTSPSN,False,True
KLNDWDFVVTTDISE,False,True
KLNREEIDGVKLEST,False,True
KLPVKKATVVYQGER,False,True
KLRTLILAPTRVVAS,False,True
KLTDWDFVVTTDISE,False,True
KLTSRETALMVIGMA,False,True
KLVMAFIALLRFLAI,False,True
KLWQAIRAQDVCGND,False,True
KLYLKRKLIYDAAVE,False,True
KMEKYQLAATVMALL,False,True
KMERYQLAVTITAIL,False,True
KMEVFKLDGYPSDYD,False,True
KMIGGIGRFYIQMCT,False,True
KMLLNRFTTRHRKPT,False,True
KMLMTGTLAVFLLLI,False,True
KMVHQIFGSAYTALF,False,True
KMWDPHNDPNAQGDA,False,True
KNARTTLIAAAIAGT,False,True
KNFQTMPGIFQTTTG,False,True
KNGAIKVLRGFKKEI,False,True
KNGSFIIDGKSRKEC,False,True
KNHLEFSSAETVLKH,False,True
KNKAIKILTGFRKEI,False,True
KNLIWLVKKGNSYPK,False,True
KNLLKIAQYAAQNRR,False,True
KNLYEKVRSQLKNNA,False,True
KNNQILEENVEVEIW,False,True
KNPKNFQTMPGIFQT,False,True
KNPLSGSISFLLFKY,False,True
KPDMTIIGRRLQRLQ,False,True
KPFQLEAVFEANQNT,False,True
KPGAAWTVYVGIVTM,False,True
KPGLFKTLTGEIGAV,False,True
KPLDERFGTSLLFLN,False,True
KPSETLSLTCTVSGG,False,True
KPSINMLKRVRNRVS,False,True
KQAFNSVMTQELLLR,False,True
KQSHWVEITALILGA,False,True
KQSVVALGSQEGALH,False,True
KRECHFFNGTERVRF,False,True
KRKKTSLCLMMILPA,False,True
KRKLIYDAAVEGDLL,False,True
KRLWKMLDPRQGLAV,False,True
KRPTAWFLPSIRAAN,False,True
KRSLRPQPTELKYSW,False,True
KRSLRPQPTELRYSW,False,True
KRSYEQMETDGERQN,False,True
KRTYSDRGWGNGCGL,False,True
KRVIQYFASIAAIGD,False,True
KRVPGQGSSEGDLQE,False,True
KRWGTIKKSKAINVL,False,True
KRYALVIDHGKITYA,False,True
KRYWLFKGPIDSGKT,False,True
KSAYLMGLNSADLLK,False,True
KSEFNIYKRSGIMEV,False,True
KSFLVHREWFMDLNL,False,True
KSGAIKVLKGFKKEI,False,True
KSGAIRVLRGFKKEI,False,True
KSGDYVSAITQAERI,False,True
KSKAINVLRGFRKEI,False,True
KSLLFKTASGINMCT,False,True
KSLLFKTSAGVNMCT,False,True
KSLQNSEFLLEKRIL,False,True
KSPVVKNNVIIQLNR,False,True
KSYAQMWQLMYFHRR,False,True
KSYAQMWSLMYFHRR,False,True
KTANEAVQDPKFWEL,False,True
KTAVAVVAMAAIATF,False,True
KTGGPIYRRVNGKWM,False,True
KTGSCGPVSSNGANG,False,True
KTHVSSWEEVPYLGK,False,True
KTKLTDWDFVVTTDI,False,True
KTPEGEVGAIALDFK,False,True
KTPITNFGGTILTKI,False,True
KTPVESWEEIPYLGK,False,True
KTRIAYERMCNILKG,False,True
KTSIGLLCVMASSAL,False,True
KTSLYNLRRGTALAI,False,True
KTTFSLHYAWKTMAM,False,True
KVDDGFLDIWTYNAE,False,True
KVIGLYGNGVVTKSG,False,True
KVILTVLQNLALIVA,False,True
KVLGYRNWLGLNKGD,False,True
KVLNPYMPTVIEELE,False,True
KVLRGFKKEISNMLN,False,True
KVRSNAAIGAVFQEE,False,True
KVRSNAAIGAVFVDE,False,True
KVRSNAALGAIFTDE,False,True
KVSFFCKNKEKKCSY,False,True
KVVIFILLILVTPSM,False,True
KVVKVLRPTPKGAVM,False,True
KVVKVLRPTPRGAVM,False,True
KVVRVQRPTPRGTVM,False,True
KWDKEEDVQVLAIEP,False,True
KWLWGFLSRNKKPRI,False,True
KYECHFFNGTERVRF,False,True
KYGNGVWIGRTKSIS,False,True
KYHFKNSTRFTPYIG,False,True
KYHSGRLLFCFVPGN,False,True
KYIFESIGAKRTLTI,False,True
KYKIWMHVDAAWGGG,False,True
KYLPAIVREAIKRRL,False,True
KYMAWYQQTPGKAPR,False,True
KYQEFFWDANDIYRI,False,True
KYSEIIGLDPARPSF,False,True
KYSERVYEACIKAFD,False,True
LAAIANQAAVLMGLG,False,True
LAALFPPEGVSIWNP,False,True
LAAYVMSGSSADLSL,False,True
LADGGYDVEKNNSRI,False,True
LAFITFLRVLSIPPT,False,True
LAFSLIKNAQTPRRG,False,True
LAGAGLAFSLIKNAQ,False,True
LAGPLIAGGMLIACY,False,True
LAGPMPVTAASAAQR,False,True
LAGPMVAGGLLLAAY,False,True
LAKAIFKLTYQNKVV,False,True
LALGMMVLKIVRKME,False,True
LALIATFKIQPFLAL,False,True
LALLAAFKVRPTFAA,False,True
LALLIMLYALIATQF,False,True
LALREFKEFAAGRRS,False,True
LAMGIMILKLLTDFQ,False,True
LAPTRVVAAEMEEAL,False,True
LAPTRVVASEMAEAL,False,True
LARSALILRGSVAHK,False,True
LARWGSFKKNGAIKV,False,True
LAVDGAGKPGAEEAQ,False,True
LAVFLLLVMGQLTWN,False,True
LAYTIGTTHFQRALI,False,True
LAYVVIGILTLAAII,False,True
LAYVVIGILTLAAIV,False,True
LCGSLIGMTNRATWA,False,True
LCILTINAVASRKAS,False,True
LCIPNAIILQHAWKV,False,True
LCLMMILPAALAFHL,False,True
LCLTLFVEECLRRRV,False,True
LCPVSGWAIYSKDNS,False,True
LCTDVALPLIVHNIQ,False,True
LCVMASSALLWMANV,False,True
LCVMASSALLWMASV,False,True
LCVMSSSALLWMASE,False,True
LCVMSSSALLWMASV,False,True
LCVPNAVILQNAWKV,False,True
LCVSIMIEEVMRSRW,False,True
LCWLPFFLANVVKAF,False,True
LDCIRPCFWVELIRG,False,True
LDDGIYRILQRGLLG,False,True
LDDRFASALTALNDM,False,True
LDERFGTSLLFLNDM,False,True
LDERFSTSLLFLNDM,False,True
LDFNEMVLLQMEDKA,False,True
LDFNEMVLLQMENKA,False,True
LDHILEPSIPWKSKL,False,True
LDIDLRPASAWTLYA,False,True
LDISLETVAIDRPAE,False,True
LDNLAVLHTAEAGGR,False,True
LDQVHFQPLPPAVVK,False,True
LDRWRGVNKQTAMKH,False,True
LEAAFNAEFNEIRRV,False,True
LECRTFFLTQGALLN,False,True
LEFEALGFLNEDHWF,False,True
LEFEALGFMNEDHWF,False,True
LEFFLMVLLIPEPDR,False,True
LEFFMMVLLIPEPEK,False,True
LEFNQIKAEIERKLA,False,True
LEKLPHEKHHNQPYC,False,True
LELFSALYPAPCISG,False,True
LELYFNEMILMKMKK,False,True
LENDNQLLYNYPGAL,False,True
LEQLGQLININLLSS,False,True
LESLSAIEAELEKVA,False,True
LETVAIDRPAEARKV,False,True
LEVYQSIADLMVGAK,False,True
LEWLYVPIDPTCQPM,False,True
LEYFMKQMNDARHGG,False,True
LEYLVSFGVWIRTPP,False,True
LEYQIGYICSGIFGD,False,True
LFIFSLKDTLKRRSW,False,True
LFKTLTGEIGAVTLD,False,True
LFLEEMLRTRVGTKH,False,True
LFLISGKGIGKTSIG,False,True
LFLLAVILAIALCLR,False,True
LFMALVAFLRFLTIP,False,True
LFMILTVAANEMGLL,False,True
LFTALVAFLRFLTIP,False,True
LFVVTLIPLCRTSCL,False,True
LGAIKHQALDTVRYD,False,True
LGAISFWMCSNGSLQ,False,True
LGAVRFNTRRTGNIQ,False,True
LGCYSQVNPLTLTAA,False,True
LGEFGKAKGSRAIWY,False,True
LGEFGRAKGSRAIWY,False,True
LGGLNFVNDLASPVS,False,True
LGGLTWMDLLRALIM,False,True
LGIFLRKLTSRETAL,False,True
LGILCVSILIEEVMR,False,True
LGIMILKLVRKMEKY,False,True
LGIMVLKIVRSMEKY,False,True
LGKLSGLHGQDLFGI,False,True
LGKMVHQIFGSAYTA,False,True
LGKNEFQIYKKSGIQ,False,True
LGLILLKIVTQFDNT,False,True
LGLLCISIMIEEVMR,False,True
LGLMALKLITQFETY,False,True
LGMALFLEEMLRTRV,False,True
LGMMILKIVRNMEKY,False,True
LGMMVLKIVRNMEKY,False,True
LGMMVLKMVRKMEKY,False,True
LGNPECESLSTASSW,False,True
LGNQNQIETCNQSVI,False,True
LGQLININLLSSASS,False,True
LGQVMLLVLCAVQLL,False,True
LGRRCSAPAAASVAP,False,True
LGRWKAVEKSVAMKH,False,True
LGVFLRKLTSRETAL,False,True
LGVGLAMATTLQLPE,False,True
LGVNMVRRGVRSLSN,False,True
LGVYIWNMRGSDGTS,False,True
LHPYKDFIATLGKLS,False,True
LHQLDGTPLTAEDIV,False,True
LHRLGYILEDIDKKD,False,True
LHRLGYILEEIDKKD,False,True
LHTLLAVLTAAPLLL,False,True
LHWFRKGSSIGKMFE,False,True
LHWFRKGSSIGKMLE,False,True
LIAAVLLLVTHYAII,False,True
LIACYVISGSSADLS,False,True
LIATFKIQPFLALGF,False,True
LIATFKIQPFLTLGF,False,True
LIATNLLGQNTPAIA,False,True
LIDGFRFGKTVGALG,False,True
LIEEHRLVREHLLTN,False,True
LIFFVLMVVVIPEPG,False,True
LIGFRKEIGRMLNIL,False,True
LIGNEEFLDYMPSMK,False,True
LIIMDEAHFTDPASI,False,True
LILAPTRVVAAEMEE,False,True
LILCVTQVLMMRTTW,False,True
LILFFHTLGLQTKEE,False,True
LILQIGNIISIWISH,False,True
LIMLYALIATQFSDD,False,True
LININLLSSASSQFV,False,True
LIRLIEDGRGCEVIQ,False,True
LIRTGLLVISGVFPV,False,True
LITESQAHTLEDEVA,False,True
LITQFETYQLWTALV,False,True
LIVLLIVAGNVLVIV,False,True
LIWVGINTRNMTMSM,False,True
LIYVILTILTIIGLI,False,True
LKAIPTTLMNCRRMH,False,True
LKCKVRMEKLRIKGM,False,True
LKCRLRMDKLQLKGM,False,True
LKDFKEFASGRKSIT,False,True
LKEFKDFAAGRKSIA,False,True
LKEFKEFAAGRKSLT,False,True
LKGFKREISNMLSII,False,True
LKGFRKEIGRMLNIL,False,True
LKGKFQTAAQKAMMD,False,True
LKGLPIRYQTTATKS,False,True
LKGMPIRYQTTAVKS,False,True
LKHTTCFQDVVVDVD,False,True
LKKNKAIKILIGFRK,False,True
LKLITQFETYQLWTA,False,True
LKLLTDFQSHQLWAT,False,True
LKLLTEFQPHQLWTT,False,True
LKLMATLFSSYATAD,False,True
LKLMAYLAGAKYTGC,False,True
LKQATTAPCAVMDIT,False,True
LKRGMPRVLSLIGLK,False,True
LKRKLIYDAAVEGDL,False,True
LKRWGQLKKNKAIKI,False,True
LKRWGTIKKSKAINV,False,True
LKRYEDTTLVEDTVL,False,True
LKSFKKEISNMLSII,False,True
LKYLEAVEKVKRTRD,False,True
LLAMGCYSQVNPTTL,False,True
LLANGRMPTVLQCVN,False,True
LLAVLTAAPLLLAAA,False,True
LLCISIMIEEVMRSR,False,True
LLCVMASSVLLWMAS,False,True
LLFKTASGINMCTLI,False,True
LLFKTTEGINKCTLI,False,True
LLGAMLVGQVTLLDL,False,True
LLGQNTAAIAAIEAQ,False,True
LLGQNTPAIAVNEAE,False,True
LLGVGLAMATTLQLP,False,True
LLIGFGLRTLWSPRE,False,True
LLKTEVTNPAVLRKL,False,True
LLLALSLASVAMCRT,False,True
LLLGVGLAMATTLQL,False,True
LLLIMGQLTWNDLIR,False,True
LLLLSILHPSRPGGV,False,True
LLLNRFTMTHRRPTI,False,True
LLMALIVLLIVAGNV,False,True
LLMMLLLGRLTGVAG,False,True
LLMMLVSVAGRVDGL,False,True
LLMRTTWAFCEVLTL,False,True
LLNDKHSNGTIKDRS,False,True
LLQRLLDDRKFTVEV,False,True
LLQTGIHVRVSQPSL,False,True
LLQVPSSAFADVEVL,False,True
LLRFQVTDLDEEYTD,False,True
LLRNDVPMAGPLVAG,False,True
LLSFKKELGTLTSAI,False,True
LLSFLPSDFFPSVRD,False,True
LLSLTFIRTSLSLDY,False,True
LLSLTFIRTTFSLHY,False,True
LLTDFQSHQLWATLL,False,True
LLTKILTIPQSLDSW,False,True
LLTRILTIPQSLDSW,False,True
LLVLAFAGGYAVAAC,False,True
LLVLCAGQLLLMRTT,False,True
LLVLCAVQLLLMRTS,False,True
LLVLCVTQVLMMRTT,False,True
LLVLLENERTLDYHD,False,True
LLVTFKTAHAKKQEV,False,True
LLYPDHPTLLSYRNM,False,True
LMANAICSAVPVNWV,False,True
LMCHATFTMRLLSPV,False,True
LMILLTGGAMLFLIS,False,True
LMQGSTLPRRSGAAG,False,True
LMRRMRRPTGKVTLE,False,True
LMRTTWAFCEVLTLA,False,True
LMTGTLAVFFLLIMG,False,True
LMVIGMAMTTVLSIP,False,True
LMYFHRRDLRLAANA,False,True
LMYFHRRDLRLASNA,False,True
LMYQGKRLEPSWASV,False,True
LMYYNSTGNMGVLAG,False,True
LNCNINNVVRIKVPF,False,True
LNDWDFVVTTDISEM,False,True
LNEDLTCGNILMWEA,False,True
LNELQALIEAHFENR,False,True
LNHLVDMNVRDFSIA,False,True
LNKIVRMYSPTSILD,False,True
LNKKVDDGFLDIWTY,False,True
LNLVENWLNNNIQFC,False,True
LNPYMPSVVETLEQM,False,True
LNRKILYSLIDSADE,False,True
LNRPDTFSVALGELG,False,True
LNSKIAFKIVSQEPA,False,True
LNSLGKMVHQIFGSA,False,True
LNTFTNMEAQLIRQM,False,True
LNTFTNMEAQLVRQM,False,True
LPAIVREAIKRKLRT,False,True
LPEMFAEHPGLVFEV,False,True
LPFDRTTIMAAFNGN,False,True
LPFQNIHPITIGKCP,False,True
LPGCSPSCPLERFAE,False,True
LPGIKAQQSKLAQRR,False,True
LPGKIHLFEAEFTQV,False,True
LPHGWKAWGKSYFVR,False,True
LPIRYQTTATKSEHT,False,True
LPPEVNSARIFAGAG,False,True
LPPEVNSARMYGGAG,False,True
LPRLIAFTSEHSHFS,False,True
LPRRSGAAGAAVKGV,False,True
LPSIRAANVMAASLR,False,True
LPTFMTQKARNALDN,False,True
LPTYLSSRAKLALDN,False,True
LPVKKATVVYQGERV,False,True
LPVYLMTLMKGASRR,False,True
LQFRRVKCKYPSGTK,False,True
LQGQWRGAAGTAAQA,False,True
LQGRGPLKLFMALVA,False,True
LQIVDKIDAAYKIAA,False,True
LQKRGIVEQCCTSIC,False,True
LQLSVCLHEVAYWYI,False,True
LQNLALIVASGHVVD,False,True
LQNSQVYSLIRPNEN,False,True
LQQLSLLMWITQCFL,False,True
LQRKYGGALVRNPLS,False,True
LQSFEVPTARKVIDI,False,True
LQVELGGGPGAGSLQ,False,True
LQVRKNKRRRGCPIL,False,True
LQYLGYVIRDLAAMD,False,True
LRDRLKDDGVDVVLV,False,True
LREQLSSVSSFERFE,False,True
LRFLAIPPTAGILAR,False,True
LRFRVPWISDTPYRV,False,True
LRGFKKEISNMLNIM,False,True
LRGFKKEISNMLSII,False,True
LRGFKKEISNMLSIM,False,True
LRGFKKEISNMLSIV,False,True
LRGFKKEISSMLNIM,False,True
LRGFKREISNMLNIM,False,True
LRGFKREISNMLSII,False,True
LRGFRKEIGRMLNIL,False,True
LRGFRKEIGRMLNIM,False,True
LRGFRREIGRMLNIL,False,True
LRGGGGDMAEPSEAG,False,True
LRGLPIRYQTPAIRA,False,True
LRGLPIRYQTPAVKS,False,True
LRHPGFTVIALFLAH,False,True
LRIAAKIYSEADEAW,False,True
LRKLTSKELMMATIG,False,True
LRLAANAICSAVPSH,False,True
LRMVLAFITFLRVLS,False,True
LRNFLAAPPPQRAAM,False,True
LRSLSFSNALSSLTE,False,True
LRTIQQLLMGTVNIV,False,True
LRTLILAPTRVVAAE,False,True
LSAEPGWQAKREEEE,False,True
LSDEKAASPIVPSFD,False,True
LSEIFNASSLEEGEF,False,True
LSFLPSDFFPSVRDL,False,True
LSIDYKTALGAVRFN,False,True
LSLMERNSPVVISPL,False,True
LSLSGIAQSASVLSF,False,True
LSLTFIKTTLSLHHA,False,True
LSLTFIKTTLSLHYA,False,True
LSLTFIKTTYSLHYA,False,True
LSLTFIRSTIPLVMA,False,True
LSLTFIRSTMPLVMA,False,True
LSLTFIRSTTPLVMA,False,True
LSLTFVKTTLSLHYA,False,True
LSNYEDARAKMSFAL,False,True
LSVGLIAIAVASGLL,False,True
LSVTEQSEFYFPRAP,False,True
LSVTLVLVGFVTLYL,False,True
LTAALLLLVAHYAII,False,True
LTAAVLLLITHYAII,False,True
LTAAVLLLVTHYAII,False,True
LTAAVLMLVAHYAII,False,True
LTAIANQAAILMGLD,False,True
LTAYHVSTAPTGSWF,False,True
LTDEQRAAALEKAAA,False,True
LTEMDYFIRMWNQAA,False,True
LTFIRSTTPLIMAWR,False,True
LTFIRSTTPLVMAWR,False,True
LTFIRTSLSLDYAWK,False,True
LTFLARSALILRGSV,False,True
LTGFRKEIGRMLNIL,False,True
LTGLDCIRPCFWVEL,False,True
LTGYSLFQKEKMVLN,False,True
LTHVKINDKCPSTGE,False,True
LTIGLSLVASVELPN,False,True
LTILIRTGLLVISGV,False,True
LTINAVASRKASNTI,False,True
LTIRLTAADHRQLQL,False,True
LTKITSFMPVSFFFH,False,True
LTLFVEECLRRRVTR,False,True
LTLTAAMLMLVAHYA,False,True
LTLTAAVLLLATHYA,False,True
LTLTAAVLLLVTHYA,False,True
LTMKNKAWMVHRQWF,False,True
LTNLFIMSLASADLV,False,True
LTNLKLHLSSHLAVL,False,True
LTQKVVIFILLILVT,False,True
LTSLHGLTSKLVTQN,False,True
LTSREILLLTVGLSL,False,True
LTSRETALMVIGMAM,False,True
LTVGFTDSRKISHSC,False,True
LTVLQNLALIVASGH,False,True
LTVVAATMANEMGFL,False,True
LTYVVIAILTVVAAT,False,True
LVALIICYNWLHRRL,False,True
LVALLGAMTAGIFLF,False,True
LVCFSFSLVLILGLV,False,True
LVEPGDKITFEATGN,False,True
LVFFAEDVGSNKGAI,False,True
LVGIDPFRLLQNSQV,False,True
LVHKQWFLDLPLPWT,False,True
LVHYAIIGPGLQAKA,False,True
LVLAPTRVVASEMAE,False,True
LVLCAVQLLLMRTSW,False,True
LVMAFIAFLRFLAIP,False,True
LVMAFIAFLTFLAIP,False,True
LVMLHTSEHGGRAYR,False,True
LVNDNDERAARVVKG,False,True
LVRNGKKLIPSWASV,False,True
LVRTGMDPRMCSLMQ,False,True
LVSILASSLLRNDVP,False,True
LVTFKNPHAKKQDVV,False,True
LVTFKTAHAKKQEVV,False,True
LVTWKGDEKTRNPTP,False,True
LVVFLLLIMGQLTWS,False,True
LWGPDPAAAFVNQHL,False,True
LWKLLPENNVLSPLP,False,True
LYAVATTILTPMLRH,False,True
LYHFLQIPTHEEHLF,False,True
LYHIYEVNLVSEHIW,False,True
LYLGAMVQADSGCVV,False,True
LYLKRKLIYDAAVEG,False,True
LYLPFRNCPRFQELE,False,True
LYNIIKNREGYEMVF,False,True
LYQNADAYVFVGSSR,False,True
LYVFVVYFNGHVEAV,False,True
MACHSAAFEDLRVLS,False,True
MAEIPLQWIASAIVL,False,True
MAKIILRHLIEIPVR,False,True
MALKLITQFETYQLW,False,True
MALSIVSLFPLCLST,False,True
MALSIVSLLPLCLST,False,True
MAMALSIVSLFPLCL,False,True
MAMILSIVSLLPLCL,False,True
MAMLTFLHEPAVLFN,False,True
MAMTCIAVGGITLFL,False,True
MANLILQIGNIISIW,False,True
MANYIVRQSRGDRGL,False,True
MASQGTKRSYEQMET,False,True
MASSVLLWMASVEPH,False,True
MATQKRVQEVRGYTK,False,True
MAVFKMSPGYVLGIF,False,True
MAYMIGQTGIQRTVF,False,True
MCAWCSDEALPLGSP,False,True
MCSLMQGSTLPRRSG,False,True
MCTELKLSDYEGRLI,False,True
MDIDPYKEFGATVEL,False,True
MDKGIPFMKMNISVI,False,True
MDYFIRMWNQAALAM,False,True
MEAQLIRQMEGEGIF,False,True
MEAQLIRQMEGEGVF,False,True
MEAQLIRQMEGEGVL,False,True
MEAQLVRQMEGEGVL,False,True
MELIDGISLGLILLK,False,True
MENFLGPIAVGGLLM,False,True
MENIMWRSVEGELNA,False,True
MERKRREKIERRQQE,False,True
MERNAGSGIIISDTP,False,True
MERYQLAVTITAILC,False,True
MESARPEDVSFQGRG,False,True
MEVTARWLWGFLSRN,False,True
MGAVLIWVGINTRNM,False,True
MGCYSQVNPTTLIAS,False,True
MGCYSQVNPTTLTAS,False,True
MGDVAWDFSSAGGFF,False,True
MGEIEENSASNSLVM,False,True
MGGQIHLAIMAVFKM,False,True
MGLIAIAVASGLLWV,False,True
MGLITIAVASGLLWV,False,True
MGLLCLTLFVEECLR,False,True
MGLLVVPFGATIVVW,False,True
MGMGTTYLALMATFK,False,True
MGMGVTYLALIATFK,False,True
MGQLTWNDLIRLCIM,False,True
MGRDIKVQFQSGGAN,False,True
MGRSHFLCTFTFNSN,False,True
MGVLCLAILFEEVMR,False,True
MHVSFVMAYPEMLAA,False,True
MIAGVIFTFVLLLSG,False,True
MIARFKMFPEVKEKG,False,True
MIGQTGIQRTVFFVL,False,True
MIIMDEAHFTDPASI,False,True
MIKRGINDRNFWRGE,False,True
MILLTMKNKAWMVHR,False,True
MIRILIGFLVLWIGT,False,True
MISRMLINRFTMKHK,False,True
MISRMLINRFTMRHK,False,True
MKIGIGILLTWLGLN,False,True
MKIGIGVLLTWIGLN,False,True
MKILIGVIITWIGMN,False,True
MKILIGVVITWIGMN,False,True
MLFFLSGKGLGKTSI,False,True
MLGQDDFIKFKSPLV,False,True
MLIACYVISGSSADL,False,True
MLLALIAVLTGGVTL,False,True
MLLNRFTMAHRKPTY,False,True
MLMTGTLAVFLLLIM,False,True
MLMTGTLVVFFLLIM,False,True
MLNIRNRRKRSVTML,False,True
MLVGQVTLLDLLKLT,False,True
MMDQVRESRNPGNAE,False,True
MMILPAALAFHLTSR,False,True
MMIWHSNLNDATYQR,False,True
MMRNEFRVSTTENVV,False,True
MMVLKIVRDMEKYQL,False,True
MMVLKIVRNMEKYQL,False,True
MMYSVKKRLKGNFIW,False,True
MNDARHGGWTTKMDW,False,True
MNLATWVGSNLEDPA,False,True
MNTQFTAVGKEFNHL,False,True
MNYYWTLVEPGDKIT,False,True
MPLVMAWRTIMAVLF,False,True
MPNRPNYIAFRDNFI,False,True
MQQFVSSYFLNPACS,False,True
MRGAKRMAILGDTAW,False,True
MRLLSPVRVSNYNLI,False,True
MRLRDDQRKVFRELV,False,True
MRLSLTALSAGVGAV,False,True
MRPMFAVGLLFRRLT,False,True
MSAMTNLAALFPPEG,False,True
MSFVTTQPEALAAAA,False,True
MSLFEVDQTKIQYVI,False,True
MSQIMYNYPAMLGHA,False,True
MSQIMYNYPAMMAHA,False,True
MSQIMYNYPAMRAHA,False,True
MSRAFIIDPTISAID,False,True
MSTYGWNLVRLQSGV,False,True
MTGPLVAGGLLTVCY,False,True
MTINYQFGDVDAHGA,False,True
MTNRATWASHIHLVI,False,True
MTQFLPPNLLALFAP,False,True
MTSRMLLNRFTMAHR,False,True
MTSWFYDNDNPYRTW,False,True
MTTTANWLWALLGKK,False,True
MVDFGALPPEINSAR,False,True
MVFLQTHIFAEVLKD,False,True
MVHRQWFFDLPLPWT,False,True
MVLKIVRKMERYQLA,False,True
MVLKMVRNMEKYQLA,False,True
MVLLQMENKAWLVHR,False,True
MVMAFIAFLRFLAIP,False,True
MVNGVVRLLTKPWDV,False,True
MVRILIGFLVLWIGT,False,True
MVSILASSLLKNDIP,False,True
MVVVAELLSMKIPNS,False,True
MWHVTRGAVLMHRGK,False,True
MWSLMYFHKRDMRLL,False,True
MYGYAAASAVAARLN,False,True
MYSVKKRLKGNFIWI,False,True
NADAYVFVGSSRYSK,False,True
NADTLCIGYHANNST,False,True
NAEFEDLTFLARSAL,False,True
NAEFNEIRRVLLEEN,False,True
NAELLVLLENERTLD,False,True
NAIFKLTYQNKVVKV,False,True
NALDNLVMLHTSEHG,False,True
NAPILSTLPETTVVR,False,True
NARTTLIAAAIAGTL,False,True
NAWKVSCTILAAVSV,False,True
NDFLKTGHYTQMVWA,False,True
NDHYLALLVKYAAGD,False,True
NDKGKEVLVLWGIHH,False,True
NDPNAQGDAFKTLFV,False,True
NDTWKMEKASFIEVK,False,True
NDYDGFLENAHEHHG,False,True
NEGIMAIGIVSILLS,False,True
NEGIMAVGIVSILLS,False,True
NEIFLTKKMTEVCQA,False,True
NEKIHLISTQSAIPY,False,True
NEMILLTMKNKAWMV,False,True
NEMILLTMKNRAWMV,False,True
NEMVLLQMEDKAWLV,False,True
NEMVLLQMENKAWLV,False,True
NENPAHKSQLVWMAC,False,True
NERGVSSCDRLTDPH,False,True
NESATILMTATPPGT,False,True
NFDMLPCYSVARIPL,False,True
NFHRDITFRKLYLKR,False,True
NFPYPLIGKTAVDSI,False,True
NGAIKVLRGFKKEIS,False,True
NGCGLFGKGGIVTCA,False,True
NGCGLFGKGGVVTCA,False,True
NGGYLAAGKLTWADF,False,True
NGGYVSGIAQTSAEP,False,True
NGKKVIQLSRKTFDS,False,True
NGKKVIQLSRKTFDT,False,True
NGKRVIQLSRKTFDT,False,True
NGLERRTKTYSEDNF,False,True
NGRKTRIAYERMCNI,False,True
NGRRVVIDEAPSLPP,False,True
NGSWKLEKASFIEVK,False,True
NGSWKLEKASLIEVK,False,True
NGVWIGRTKSISSRN,False,True
NHLEKRIENLNKKVD,False,True
NHLVLFDNALRKYDS,False,True
NIAYEDVVGGEDWNP,False,True
NIFRGSYLAGAGLAF,False,True
NIFRGSYLAGAGLLF,False,True
NIGIAVLQSIVLSSN,False,True
NIHPLTIGECPKYVK,False,True
NIISIWISHSIQLGN,False,True
NILIAIQQVRSLIGD,False,True
NIQVAINQVRRLIGN,False,True
NIRHSGRDDTSRYDE,False,True
NISLTAIANQAAILM,False,True
NIVASVNMVSRLLLN,False,True
NIVAVDIKPRDSDEF,False,True
NKDMLPCYSVARIPL,False,True
NKQTAMKHLLSFKKE,False,True
NKVNSVIEKMNTQFT,False,True
NKVVRVQRPAKNGTV,False,True
NKVVRVQRPTPRGTV,False,True
NLALIVASGHVVDRP,False,True
NLDIIGQRIENIKHE,False,True
NLDIIGQRIENIKNE,False,True
NLEYTIVITPHSGEE,False,True
NLEYTVVVTVHNGDT,False,True
NLKYSVIVTVHTGDQ,False,True
NLKYTVIITVHTGDQ,False,True
NLLLGVGLAMAATLR,False,True
NLNDATYQRTRALVR,False,True
NLPNISRIYVSIDVT,False,True
NLSLAAIANQAAVLM,False,True
NLVRLQSGVDVFFTP,False,True
NMEAQLIRQMESEGI,False,True
NMEVQLIRQMEAEGV,False,True
NMEVQLVRQMEGEGV,False,True
NMGVLAGQASQLNAV,False,True
NMLSIINRRKKTSLC,False,True
NNAKEIGNGCFEFYH,False,True
NNGDDAAAGLTHMMI,False,True
NNGGDAMYMALIAAF,False,True
NNIRYFILPDSLPLD,False,True
NNLYKLHGGHVSCRV,False,True
NNTDIRLIGEKLFHG,False,True
NPGNAEFEDLTFLAR,False,True
NPITLTAALFLLVAH,False,True
NPITLTAALLLLVAH,False,True
NPKNFQTMPGIFQTT,False,True
NPLTLTAAVLMLVAH,False,True
NPRGAAPDDHGGACG,False,True
NPTVDGITVIDLEPI,False,True
NPTVDGIVAIDLDPV,False,True
NQFCIKILNPYMPSV,False,True
NQFITALKNIFSKAY,False,True
NQILEENMDVEIWTK,False,True
NQILEENMEVEIWTR,False,True
NQILEENVEVEIWTK,False,True
NQKIITIGSVCMTIG,False,True
NQLAYVAIGLLFIIL,False,True
NQLAYVVIGILTLAA,False,True
NQLAYVVIGLLFMIL,False,True
NQNLEYQIGYICSGI,False,True
NQQESTDAAVQEPSQ,False,True
NRAELMILIATNLLG,False,True
NRAWNSLEVEDYGFG,False,True
NRAYAIASSVVSFYV,False,True
NRDLEQAYNELSGEA,False,True
NRDMLPCYSVARIPL,False,True
NREGKIVGLYGNGVV,False,True
NREGKVVGLYGNGVV,False,True
NRINKLKNSLFEYQK,False,True
NRKGKIVGLYGNGVV,False,True
NRRVEIYLRAPQAAQ,False,True
NSFVSAISQTEVKEE,False,True
NSPTDTILFIRAARR,False,True
NSTGNMGVLAGQASQ,False,True
NTCMESVKNGTYDYP,False,True
NTFRHSVVVPCEPPE,False,True
NTILPLMALLTPVTM,False,True
NTPEGIIPALFEPER,False,True
NTSLPFQNIHPITIG,False,True
NTTVTFLPTPSLILQ,False,True
NVAGLLSAAGVPLLQ,False,True
NVLVIVAIAKTPRLQ,False,True
NVPIKPSKSKKIKLD,False,True
NVTVTHSVNLLEDKH,False,True
NVVNLSNYEDARAKM,False,True
NWHGSNRPWVSFNQN,False,True
NYDVVITRSNYLPVI,False,True
NYEHIAAYHFDLSGK,False,True
PAAVAANRDAFVQLV,False,True
PAAVAANREAFLALI,False,True
PADTGHGTVVLELQY,False,True
PAEVAANRALLAALV,False,True
PAHKSQLVWMACHSA,False,True
PAIVAANRAVLVSLV,False,True
PALVAANRALVAWLA,False,True
PALVAANRNQLLSLV,False,True
PALVAANRSDLVSLV,False,True
PALVAANRSGLISLV,False,True
PAMVAANRAQVASLV,False,True
PAMVAANRTRLASLV,False,True
PAMYVAIQAVLSLYA,False,True
PANWKPDTVYTSKLQ,False,True
PASAWTLYAVATTFV,False,True
PATFFVWYFWQKKKQ,False,True
PATLFVWYFWQKKKQ,False,True
PAVASGYDFEREGYS,False,True
PAVVAANRGLMQLLA,False,True
PCPVTTDMTLQQVLM,False,True
PCWKITLFVIVPVLG,False,True
PDDGPPGELGPDGPD,False,True
PDDQRAWNIWEVEDY,False,True
PDSSEITCVCRDNWH,False,True
PDTIVVVAGNKLRLD,False,True
PEARNSTFLIDGPDT,False,True
PECESLSTASSWSYI,False,True
PEGFACNLSAKLHFM,False,True
PEGVSIWNPILLWQP,False,True
PEHALLATSIFKLTY,False,True
PEKVTPMAAIQDGLA,False,True
PEPDPTFYHNNKTAD,False,True
PERVILAGPMPVTAA,False,True
PERVILAGPMPVTVA,False,True
PEVVAANRALLAALV,False,True
PFLALGFFLRKLTSR,False,True
PFMKMNISVIMLLVS,False,True
PFNASDSVGQQIKVI,False,True
PFNMLKRERNRVSTV,False,True
PFPLQPQQPVPQQPQ,False,True
PGAGSLQPLALEGSL,False,True
PGFFSPMLGEFVSET,False,True
PGFVTYDNQKTLYAT,False,True
PGLFKTLTGEIGAVT,False,True
PGLPVEYLQVPSPSM,False,True
PGPLIAENLLLVALR,False,True
PGQMLGGLPVGQMGA,False,True
PGSRPHLIRLFSRDA,False,True
PGTRMVMTTTANWLW,False,True
PHATKQSVVALGSQE,False,True
PHGWKAWGKSYFVRA,False,True
PHHKILAKAIFKLTY,False,True
PHRIAASIMLEFFLM,False,True
PHWIAASIILEFFLI,False,True
PIFDNKGRVVAIVLG,False,True
PKMHTVNGYVNRSLP,False,True
PKNFQTMPGTFQTTT,False,True
PKNVYQRGTHPFSRI,False,True
PKPVLHMVSSEQHSG,False,True
PKVRDQEGRMNYYWT,False,True
PKWLDARVYADPMAL,False,True
PLAGPLIAGGMLIAC,False,True
PLDTLLVDVEPKVKS,False,True
PLLVAANRHQLVSLV,False,True
PLLVAANRNAFAQLV,False,True
PLPLFIFSLKDTLKR,False,True
PLQWIASAIVLEFFM,False,True
PLTLTAAVLMLAAHY,False,True
PMCAWCSDEALPLGS,False,True
PMDEPTLLYVLFEVF,False,True
PMEHYSLPPVTDKMN,False,True
PMKLVMAFIAFLRFL,False,True
PMLVAANRADLVSLV,False,True
PMLVAANRNAFVQLV,False,True
PMSTYGWNIVKLMSG,False,True
PMSTYGWNLVRLQSG,False,True
PMTVAAMGVPPLPLF,False,True
PNDKTGSCGPVSSNG,False,True
PNERRAWNFLEVEDY,False,True
PNLLALFAPRDPIPY,False,True
PNVAGLLSAAGVPLL,False,True
PNYNMIIMDEAHFTD,False,True
PPAIAANRTLLMTLV,False,True
PPAYRPPNAPILSTL,False,True
PPEIAANRALLMALL,False,True
PPFGDSYIIIGVEPG,False,True
PPFGDSYVIIGVEPG,False,True
PPFGESYIVIGAGEK,False,True
PPFGESYIVVGAGEK,False,True
PPLIAANRARLTSLV,False,True
PPLIAANRASLMQLI,False,True
PPQIAANRSQLISLV,False,True
PPVIAANRAQLMVLI,False,True
PQDNQLTYVVIAILT,False,True
PQQFIYAGSLSALLD,False,True
PQQFVYAGAMSGLLD,False,True
PQSQPQYSQPQQPIS,False,True
PQVGITTMKDLKGKA,False,True
PQVVNINTKLGYNNA,False,True
PRDSDEFIPMKSSWG,False,True
PRLIAFTSEHSHFSL,False,True
PRLLIHYTSALQPGI,False,True
PRMFLAMITYMTRNQ,False,True
PRMFLAMITYMTRRQ,False,True
PRWLDARVYADPMAL,False,True
PRYAFAMERNAGSGI,False,True
PSASRAWNVWEVEDY,False,True
PSFNMLKRARNRVST,False,True
PSGQGSFQPSQQNPQ,False,True
PSINMLKRVRNRVST,False,True
PSIRAANVMAASLRK,False,True
PSKDINQLQKANVLL,False,True
PSLPGEFRYYPNIIA,False,True
PSMGRDIKVQFQSGG,False,True
PSPLPHRDRDRDRER,False,True
PSPRRRRSQSPRRRR,False,True
PSPSMGRDIKVQFQS,False,True
PSPVFTIPIRSMPGT,False,True
PSRGSFYVPVESTAP,False,True
PSRLVALREQKALKT,False,True
PSRVRYPHYSLIKPE,False,True
PSSDNGTCYPGDFID,False,True
PSTSADQQSLYQNAD,False,True
PTAIFLTTLSRTSKK,False,True
PTAWFLPSIRAANVM,False,True
PTIKRSYNNTNQEDL,False,True
PTIRHKVGFMSLHLL,False,True
PTLLYVLFEVFDVVR,False,True
PTLNGDDRHKIVNVD,False,True
PTRAETREERMERKR,False,True
PTRVVAAEMEEALRG,False,True
PTRVVAAEMEEAMKG,False,True
PTRVVASEMAEALKG,False,True
PTRVVLSEMKEAFHG,False,True
PTSATMGQLYQEHHE,False,True
PTTLIASLVMLLVHY,False,True
PTTLTASLVMLLVHY,False,True
PTVDGITVIDLDPIP,False,True
PTVDGITVIDLEPIP,False,True
PTVDGIVAIDLDPVV,False,True
PTVDGIVTIDLDPVV,False,True
PVAFLAGGPHAVYLL,False,True
PVDYTLIKNVHKPSG,False,True
PVEYLQVPSPSMGRD,False,True
PVGGQSSFYSDWYSP,False,True
PVGLAVDTPWVEKES,False,True
PVIVADDLTAAINKG,False,True
PVSFFFHGTEQLVGM,False,True
PVSSNGANGVKGFSF,False,True
PVTLAETGSTLLYPL,False,True
PVVAANRIQLLALIA,False,True
PVVVAANRSAFVQLV,False,True
PVWLSWQVAKAGLKT,False,True
PYCGIAPYIREFEDP,False,True
PYDVPDYASLRSLVA,False,True
PYIREFEDPRDAPPP,False,True
PYKEFGATVELLSFL,False,True
PYMPSVIEKMEALQR,False,True
PYRTLMSCPIGEVPS,False,True
QAAGNNMAQTDSAVG,False,True
QAALQSAWQGDTGIT,False,True
QAEVGEWLRIRNKYI,False,True
QAEVYDTVVITLKNM,False,True
QAFVKLLSASASRFS,False,True
QAKLSRLSMQSLRDF,False,True
QASNIMHSINGYVFD,False,True
QASYKIFRIEKGKIV,False,True
QCCTSICSLYQLENY,False,True
QCTEVRADTRPWSGP,False,True
QDDYTQYVMDQELAD,False,True
QDENPVVHFFKNIVT,False,True
QDIVGINEWSGYSGS,False,True
QDNGLEGLGNDSRDM,False,True
QDNQLTYVVIAILTV,False,True
QEDWKSDPSQGGGIK,False,True
QEGPLPEIEDEVFRK,False,True
QENWNTSIKTLKFDA,False,True
QEPSQLISLEEENQR,False,True
QEYLVYVKKLVLDGV,False,True
QFETYQLWTALVSLT,False,True
QFGDVDAHGAMIRAQ,False,True
QFTAVGKEFNHLEKR,False,True
QFVYAGAMSGLLDPS,False,True
QGALLNDKHSNGTIK,False,True
QGGKAYRHAMEELPD,False,True
QGGKGPLLSILKAFN,False,True
QGKKMIRPQPMEHKY,False,True
QGKKMIRPQPMEYKY,False,True
QGKTVWFVPSIKAGN,False,True
QGKYRGAKGSLLPQR,False,True
QGLAVLRKVKRVVAS,False,True
QGNVTSIHSLLDEGK,False,True
QGQQGYYPTSPQQSG,False,True
QGSYAVIAGSSKVKF,False,True
QGTKRSYEQMETDGE,False,True
QHDVNFTQEVSRLNI,False,True
QHLTVTEEIAVQNWL,False,True
QHMTEVVRHCPHHER,False,True
QIIHTSNYLGTEKTL,False,True
QIMSDKRNVILFSVF,False,True
QIQPHWIAASIILEF,False,True
QISNELNYILLENDM,False,True
QIYRWIREWGRDYVS,False,True
QKAVIFILLMLVTPS,False,True
QKETLVTFKNPHAKK,False,True
QKGEEVQVIAVEPGK,False,True
QKGIIFILLMLVTPS,False,True
QKLVFFAEDVGSNKG,False,True
QKRGIVEQCCTSICS,False,True
QKVVIFTLLMLVTPS,False,True
QLAVTIMAILCVPNA,False,True
QLETLSIRGNNIRYF,False,True
QLGRNFQVIYEQANA,False,True
QLIRQMEAEGVITQD,False,True
QLKKNKAIKILTGFR,False,True
QLRHLPSRVRYPHYS,False,True
QLTYVVIAILTVVAA,False,True
QMNSLRAEDTAVYYC,False,True
QNAWKVSCTILAAVS,False,True
QNAWKVSCTILAVVS,False,True
QNIHPITIGKCPKYV,False,True
QNILTAIQQVRSLIG,False,True
QNIPTAIQQVRSLIG,False,True
QNKVVRVQRPAKNGT,False,True
QNKVVRVQRPAKSGT,False,True
QNQIETCNQSVITYE,False,True
QNSLTIERMVLSAFD,False,True
QPFLALGFFLRKLTS,False,True
QPFPQQPEQIIPQQP,False,True
QPFPQQPFPQQPQPY,False,True
QPHQLWATLLSLTFV,False,True
QPHWIAASIILEFFL,False,True
QPPRARITGYIIKYE,False,True
QPQQPFPLQPQQPVP,False,True
QPQWIAASIILEFFL,False,True
QPSFIGMESAGIHET,False,True
QPSFNMLKRARNRVS,False,True
QPSKGWHDWQQVPFC,False,True
QQFLRLLGATYVLRV,False,True
QQFVYAGAMSGLLDP,False,True
QQQLHKYQNKLAKLI,False,True
QQRSIQDNQVAYLII,False,True
QRAIERYAGAETAEY,False,True
QRAWNIWEVEDYGFG,False,True
QRFDHERVPERAVHA,False,True
QRFLLNNVPKTLDIG,False,True
QRGNQIMSDKRNVIL,False,True
QRNLPFDRTTIMAAF,False,True
QRTVFFILMMLVAPS,False,True
QSFQISNYVGRKSSD,False,True
QSGLYFIKPLKANQQ,False,True
QSGTMRTRHSTGGTN,False,True
QSHQLWATLLSLTFI,False,True
QSHQLWATLLSLTFV,False,True
QSHQLWVTLLSLTFI,False,True
QSLYGTFHSSYLKKG,False,True
QSVDRTAVTGASYFT,False,True
QSVFEAVSSNDAPVY,False,True
QSYGSIASLTVYPHG,False,True
QTRDKFLSAATSSTP,False,True
QTTTGEIGAIALDFK,False,True
QTYKWETFLTSELPG,False,True
QVFGAIYGAVFSGVS,False,True
QVFGTAYGVLFSGVS,False,True
QVGTYGLNTFTNMEA,False,True
QVHFQPLPPAVVKLS,False,True
QVPFCSHHFHELIMK,False,True
QVPFCSHHFHELVMK,False,True
QVPFCSHHFHQLIMK,False,True
QVPSASMGRDIKVQF,False,True
QVRSLIGNEEFLDYM,False,True
QVVTYALNTITNLKV,False,True
QWDSAKAAVEDEDFW,False,True
QWIASAIVLEFFMMV,False,True
QWINYFDKRRDYLKF,False,True
QYKFQADSPKKLSAA,False,True
QYKFQADSPKRLATA,False,True
QYKFQPESPARLASA,False,True
QYKFQPESPARVASA,False,True
QYKFQPESPSKLASA,False,True
QYQFQPESPARLASA,False,True
RAEKTFSVYEIMCKI,False,True
RAELMILIATNLLGQ,False,True
RAIWYMWLGARFLEF,False,True
RALLARSHVERTTDE,False,True
RALYHTENAYVSVVS,False,True
RANDWDFVVTTDISE,False,True
RAPVVTHTYLEPGPV,False,True
RASAGQISIQPTFSV,False,True
RATWAQNIPTAIQQV,False,True
RAVHADMGYWIESQK,False,True
RAYHAMSSTHEANTM,False,True
RCPTQGEATLVEEQD,False,True
RDHYAYSYYLKPVNM,False,True
RDITFRKLYLKRKLI,False,True
RDKKVLTSVARLSSK,False,True
RDMYMESEGGDGYLA,False,True
RDQEGRMNYYWTLVE,False,True
RDRDRDRERERRERS,False,True
REAIKRGLRPLILAP,False,True
REAIKRGLRTLILAP,False,True
REAIKRKLRTLILAP,False,True
REAIKRRLRTLILAP,False,True
REAIRRKLRTLILAP,False,True
REDLLVTFKTAHAKK,False,True
REEIDGVKLESTRIY,False,True
REFEVYGPIKRIHMV,False,True
REGKVVGLYGNGVVT,False,True
RELILYDKEEIRRIW,False,True
REPFISCSPLECRTF,False,True
RERERRERSRERDKE,False,True
RERKEELRGGGGDMA,False,True
REVLLLTIGLSLVAS,False,True
RFLDRYFYHQEEYVR,False,True
RFLEFEALGFLNEDH,False,True
RFLEFEALGFMNEDH,False,True
RFLLAVDVSASMNQR,False,True
RFLPQILAECARRRL,False,True
RFNLIANQHLLAPGF,False,True
RFSWGAEGQRPGFGY,False,True
RGAFLVRNGKKLIPS,False,True
RGDLPVWLAYRVAAE,False,True
RGFFLPALSETLFYY,False,True
RGFKKEISNMLSIIN,False,True
RGGGGGQDNGLEGLG,False,True
RGINDRNFWRGENGR,False,True
RGLDLLFWEQGGLCK,False,True
RGLLNGQGPMKLVMA,False,True
RGLPIRYQTPAIRAE,False,True
RGMLKRLKGMRRDEK,False,True
RGNQFCIKILNPYMP,False,True
RGRDEARGGGGGQDN,False,True
RGSYLAGAGLAFSLI,False,True
RGTAKLRWFVERNLV,False,True
RGWGNGCGLFGKGSI,False,True
RHPGFTILALFLAHY,False,True
RHPGFTLMAAILAYT,False,True
RHPGFTVVAFFLAHA,False,True
RHQFKITMMNMITHA,False,True
RHRIKEHMLKKYTQT,False,True
RIAASIMLEFFLMVL,False,True
RIGEPDYEVDEDIFR,False,True
RIGGQIHLAIMAVFK,False,True
RIGGQTHLAIMAVFK,False,True
RIKIFMLVTAVVLLC,False,True
RILPSIVREALKRRL,False,True
RIPVIVADDLTAAIN,False,True
RIQRTVFFVLMMLVA,False,True
RIWRQANNGDDAAAG,False,True
RIYQILAIYSTVASS,False,True
RKAYLRKCKEFHPDK,False,True
RKDLLVTFKTAHAKK,False,True
RKELLTTFKNAHAKK,False,True
RKKTSLCLMMMLPAT,False,True
RKLYLKRKLIYDAAV,False,True
RKMLMTGTLAVFLLL,False,True
RKNGKKVIQLSRKTF,False,True
RKSGKKVIQLSRKTF,False,True
RKSITLDILTEIASL,False,True
RKVRSNAAIGAVFVD,False,True
RKVRSNAALGAIFTD,False,True
RLASMAICSAVPTEW,False,True
RLASNAICSAVPVHW,False,True
RLATAIAGAWENGVC,False,True
RLFMALVAFLRFLTI,False,True
RLIQNSLTIERMVLS,False,True
RLSLTALSAGVGAVA,False,True
RLSMQSLRDFRIKNR,False,True
RLTSREVLLLTIGLS,False,True
RLVLTLGAAMVEIAL,False,True
RLYELLSDPRSALGL,False,True
RMAVSGDDCVVRPID,False,True
RMLINRFTMRHKKAT,False,True
RMLLNRFTMAHRKPT,False,True
RMLVVAGAKFKEALK,False,True
RMMEYGTTMVSYQPL,False,True
RMPTVLQCVNVSVVS,False,True
RMQAASFGTFEQWVV,False,True
RMQYSMECFQFMKKL,False,True
RMRPMFAVGLLIRRL,False,True
RMSSLELVIAGIVEN,False,True
RNETWKLAKASFIEV,False,True
RNGYRALMDKSLHVG,False,True
RNNQILEENVEVEIW,False,True
RNRDLYTLQTLQNHP,False,True
RPKENTIWTSGSSIS,False,True
RPPFNMLKRERNRVS,False,True
RPSFNMLKRVRNRVS,False,True
RQAILCWGELMNLAT,False,True
RQANNGDDAAAGLTH,False,True
RQDLLVTFKTAHAKK,False,True
RQERARELALVGILL,False,True
RQMESEGIFLPSELE,False,True
RQMVQAMITIGTHPS,False,True
RQNIHSLSPQEREQF,False,True
RQRYRILNPVAIPEG,False,True
RQSGATIADVLAEKE,False,True
RRAWNFLEVEDYGFG,False,True
RREAEDLQVGQVELG,False,True
RRKRSVTMLLMLLPT,False,True
RRLVVGAVGAALVSG,False,True
RRMSSLELVIAGIVE,False,True
RRRTAGMIIMLIPTV,False,True
RRSQSPRRRRSQSRE,False,True
RRSRSRDRRRRSRSR,False,True
RRSVSGDLILEIGKL,False,True
RRYLPAIVREAIKRK,False,True
RSGAAGAAVKGVGTM,False,True
RSGGNTNQQRASAGQ,False,True
RSGKPRGYAFIEYEH,False,True
RSLNDFTTQRAKLQT,False,True
RSNAAIGAVFVDENQ,False,True
RSQVGVGVFQENVFH,False,True
RSRDKEERRRSRERS,False,True
RSRPRRTTRRMDRRT,False,True
RSSRSRERARRERER,False,True
RTCVYNMMGKREKKL,False,True
RTDIVEVDRDTARRH,False,True
RTDLVKSELLHIECQ,False,True
RTFFLTQGALLNDKH,False,True
RTFVLRVRAQDPPPE,False,True
RTGEPDYEVDEDIFR,False,True
RTGLDFNEMVLLQME,False,True
RTIFFVLMMLVAPSY,False,True
RTIMAVFFVVTLIPL,False,True
RTIMAVLFVVTLIPL,False,True
RTIMVVLFVVTLIPL,False,True
RTLILAPTRVVAAEM,False,True
RTLVLAPTRVVLSEM,False,True
RTNDWDFVVTTDISE,False,True
RTQLLWTPAAPTAMA,False,True
RTRYFSMWNQAVDSY,False,True
RTSDMRTEIIRMMES,False,True
RTTLIAAAIAGTLVT,False,True
RTVRVLDTVEKWLAC,False,True
RVEMGEAAAIFMTAT,False,True
RVFKVVLPDPNKFAL,False,True
RVLIFILLTAIAPSM,False,True
RVLVDVERGRTVKGW,False,True
RVPNYNLIVMDEAHF,False,True
RVQAASFGTFEQWVV,False,True
RVQEVRGYTKGGPGH,False,True
RVTISCSGSTSNIGS,False,True
RVVASLMRGLSSRKR,False,True
RVWSELNIGTGTSAY,False,True
RWGQLKKNKAIKILI,False,True
RWGTFKKSGAIKVLK,False,True
RWGTFKKSGAIKVLR,False,True
RWGTIKKSKAINVLR,False,True
RWIREWGRDYVSELP,False,True
RWLFRHLAREKNPRL,False,True
RWSLGDFGDIIMGTD,False,True
RWSRKMLMTGTLAVF,False,True
RYDVALSEQGEFKLL,False,True
RYFILPDSLPLDTLL,False,True
RYFKLSHLQMHSRKH,False,True
RYLLVEGGNFHASSQ,False,True
RYLPAIVREAIKRGL,False,True
RYLPAIVREAIKRKL,False,True
RYTKSAHQKGEYTAI,False,True
SADLELEKAADVRWE,False,True
SADLELERAADVKWE,False,True
SADLSLEKAAEVSWE,False,True
SADQQSLYQNADAYV,False,True
SAEVMAYIHTMNPSV,False,True
SAGFHLDPRVLVFDE,False,True
SAGLLTLHRSMLERL,False,True
SAGVNMCTLIAMDLG,False,True
SAIINHAFLQNTVMK,False,True
SAINRRSTKQKKRGG,False,True
SAKAAVEDEDFWKLV,False,True
SAKEAVEDERFWDLV,False,True
SAKLQWFVERNMVIP,False,True
SAKLRWFVERNMVTP,False,True
SALILRGSVAHKSCL,False,True
SAMILAAYHPQQFIY,False,True
SANLSLAAIANQAAV,False,True
SAREAVEDSRFWELV,False,True
SATSPQLLSYVVWNL,False,True
SAVIEHLGSLVPKGG,False,True
SAWQGDTGITYQAWQ,False,True
SAYKHADGKKIDGRR,False,True
SCGPVSSNGANGVKG,False,True
SCLPACVYGPAVASG,False,True
SCMGGMNWRPILTII,False,True
SCPIGEVPSPYNSRF,False,True
SCTILAAVSVSPLLL,False,True
SCTILAVVSVSPLLL,False,True
SCVPNAVILQNAWKV,False,True
SCYPDSSEITCVCRD,False,True
SDDWLNKYSYYPEDP,False,True
SDGLQLEVQPSEEEA,False,True
SDPDARFSKSIGWAD,False,True
SDVLARTHTAQDRPP,False,True
SEGGDGYLAPENGYL,False,True
SEGLSQGLVDREKGL,False,True
SEITCVCRDNWHGSN,False,True
SEIVPCLSERHKAYL,False,True
SEIWRDIDFAHEAPA,False,True
SEMYLIQPDSSVKPY,False,True
SERVQLLHSQNTSLI,False,True
SFDMSNEGSYFFGDN,False,True
SFKKNGAIKVLRGFK,False,True
SFNMLKRARNRVSTV,False,True
SFTMHSLTIQMESPV,False,True
SFYKNLIWLVKKGNS,False,True
SFYNNLVSFASPLVT,False,True
SGAIKVLKGFKKEIS,False,True
SGEILIFKDRHFWRK,False,True
SGEPVLVKITDKNYE,False,True
SGGFSTTVSTEQNVP,False,True
SGGGYRARPAKAAAT,False,True
SGHLLLQKLLRAKNV,False,True
SGIFGDNPRPNDKTG,False,True
SGIIISDTPVHDCNT,False,True
SGITLKQATTAPCAV,False,True
SGKGPLRMVLAFITF,False,True
SGKKVIQLSRKTFDT,False,True
SGKLNMVATSLLLMA,False,True
SGMLWMADVPLQWIA,False,True
SGMVIFFMSPKGISR,False,True
SGNIVSSVNTTSKML,False,True
SGPDNGAVAVLKYNG,False,True
SGPPGLQGRLQRLLQ,False,True
SGSAHEYSSSPDDAI,False,True
SGSFVQHPELTGLDC,False,True
SGSSISFCGVNSDTV,False,True
SGTYVSAIAQAKASQ,False,True
SGTYVSAIAQAKTSQ,False,True
SGTYVSAIAQARASQ,False,True
SGTYVSAIAQTKASQ,False,True
SGVSWTMKIGIGVLL,False,True
SGVYPMSIPATLFVW,False,True
SGYAADLKSTQNAID,False,True
SGYSGSFVQHPELTG,False,True
SHHFHQLIMKDGREI,False,True
SHIHLVIHRIRTLIG,False,True
SHLVEALYLVCGGEG,False,True
SHNILVEVQDDGTMK,False,True
SHQLWATLLSLTFIR,False,True
SHRSERERRRDRDRD,False,True
SHWVEITALILGAQA,False,True
SIASLTVYPHGLLNC,False,True
SIGDRTRYFSMWNQA,False,True
SIINRRKRTSLCLMM,False,True
SIKQDIVGINEWSGY,False,True
SIRPGLLIGFGLRTL,False,True
SISFCGVNSDTVGWS,False,True
SISSRNGFEMIWDPN,False,True
SITFSARVAGASLLK,False,True
SIWISHSIQLGNQNQ,False,True
SKDLGYDYSYLQDSD,False,True
SKPWDTITNVTTMAM,False,True
SKQVNLLKQELLESR,False,True
SKTFYVLPLRGKLSF,False,True
SKVRKDISEWQPSKG,False,True
SLAAIANQAVVLMGL,False,True
SLAALKKALADGGYD,False,True
SLASVAMCRTPFSLA,False,True
SLCILTINAVASRKA,False,True
SLCLMMILPAALAFH,False,True
SLDDYNHLVTLCNGT,False,True
SLDYAWKTMAMALSI,False,True
SLEKAAEISWEEEAE,False,True
SLEKAAEVSWEDEAE,False,True
SLEKAAEVSWEEEAE,False,True
SLEKAAEVSWEEEVE,False,True
SLEKAAEVSWEVEAE,False,True
SLEKAAVVSWEEEAE,False,True
SLERAAEVSWEEEAE,False,True
SLGILCVSILIEEVM,False,True
SLGILCVSIMIEEVM,False,True
SLGLLCISIMIEEVM,False,True
SLGVLGMALFLEEML,False,True
SLHYAWKTMAMVLSI,False,True
SLKLMATLFSSYATA,False,True
SLKTALTGAMRVTKD,False,True
SLLFKTSAGVNMCTL,False,True
SLLFKTSVGVNMCTL,False,True
SLLFPELEAFDLFIP,False,True
SLLRSWEQFFGPGTR,False,True
SLMYFHRRDLRLASN,False,True
SLNVLARFTDLELHG,False,True
SLPTYLSSRAKLALD,False,True
SLSIHAYHSFSTSLS,False,True
SLSVSLVLVGVVTLY,False,True
SLTFIKTTLSLHHAW,False,True
SLTFIRSTMPLVMAW,False,True
SLTFIRSTMSLVMAW,False,True
SLTFIRSTTPLIMAW,False,True
SLTFIRSTTPLVMAW,False,True
SMEKYQLAVTVMAML,False,True
SMVNGVIKILTYPWD,False,True
SNGANGVKGFSFKYG,False,True
SNGQASYKIFRIEKG,False,True
SNMLNIMNRRKRSVT,False,True
SNMLSIINKRKKTSL,False,True
SNRSRQEPSRFTIKE,False,True
SPAFFGVKPNMIIKG,False,True
SPAMVAANRTRLASL,False,True
SPISDLQTEIPDRAW,False,True
SPMCAWCSDEALPLG,False,True
SPSCPLERFAELVGP,False,True
SPYVAWMSVTAGQAE,False,True
SQEGPLPEIEDEVFK,False,True
SQNLVTAETQIFDPQ,False,True
SQRTSWEFLQSLVSI,False,True
SQVYSLIRPNENPAH,False,True
SQWAREALQTGITLV,False,True
SRAWNVWEVEDYGFG,False,True
SRDELLHTRAASLLY,False,True
SRETALMVIGMAMTT,False,True
SRFESVAWSASACHD,False,True
SRIITRMQAQARGQL,False,True
SRLNINLHFSKCGFP,False,True
SRLNWLTHLKYKYPA,False,True
SRLTISVDTSKNQFS,False,True
SRLVALREQKALKTL,False,True
SRMLINRFTMKHKKA,False,True
SRNGFEMIWDPNGWT,False,True
SRTIRVLKMVEPWLK,False,True
SRVIDSRKSVKPTII,False,True
SRVIFQLKAERNYHI,False,True
SSACPYQGKSSFFRN,False,True
SSAIINHAFLQNTVM,False,True
SSALLWMASVEPHWI,False,True
SSFYSDWYSPACGKA,False,True
SSGMLWMAEIPLQWI,False,True
SSITSGIESLAEAVK,False,True
SSRYSKKFKPEIAIR,False,True
SSTLELRSRYWAIRT,False,True
SSVLLWMASVEPHWI,False,True
SSVNMVSRLLLNRFT,False,True
SSYAATEVANAAAAS,False,True
SSYAATEVANAAAGQ,False,True
SSYFLNPACSNVFIT,False,True
STASSWSYIVETPSS,False,True
STEFIQERGFFLPAL,False,True
STELFVKEPPVLITR,False,True
STESHNQTFLIDGPE,False,True
STGHMILAYMEDHLR,False,True
STHVDIRTLEDLLMG,False,True
STITLLCLIPTVMAF,False,True
STMPLVMAWRTIMAV,False,True
STPFNMLKRERNRVS,False,True
STRQALRPRADGPVG,False,True
STRVEMGEAAAIFMT,False,True
STRVGMGEAAAIFMT,False,True
STVASSLVLVVSLGA,False,True
SVALVPHVGMGLETR,False,True
SVDSAPILTAFNSSH,False,True
SVEPHWIAASIILEF,False,True
SVGDFSQEFSPIQEA,False,True
SVGGVLNSLGKMVHQ,False,True
SVGKMIGGIGRFYIQ,False,True
SVGVNMCTLIAMDLG,False,True
SVNLLEDKHNGKLCK,False,True
SVNMISRMLINRFTM,False,True
SVNMVSRLLLNRFTM,False,True
SVQIPKVPYPNGIVY,False,True
SVQPGHFRTLLQFLY,False,True
SVSESDTIRSISIAS,False,True
SVSLVLVGVVTLYLG,False,True
SVSSFERFEIFPKTS,False,True
SWALCEALTLATGPI,False,True
SWEFLQSLVSIKQEK,False,True
SWFITQRNFFSPQII,False,True
SWGAIWRIDPKKPLK,False,True
SWMVRILIGFLVLWI,False,True
SWNTGEEVQVIAVEP,False,True
SWPLNEAIMAVGMVS,False,True
SWVMKIGIGVLLTWI,False,True
SYAQMWQLMYFHRRD,False,True
SYAQMWSLMYFHRRD,False,True
SYAQMWTLMYFHRRD,False,True
SYEAPSTGSASSMVN,False,True
SYIVETPSSDNGTCY,False,True
SYIVIGAGKKALKLS,False,True
SYLQGFSRNTLEAAF,False,True
SYLRNFLAAPPPQRA,False,True
SYLSHVDLVKDLNSG,False,True
SYQPLGDKVNFFRMV,False,True
TAAAWYLWEVKKQRA,False,True
TAAQAAVVRFQEAAN,False,True
TAAQKAMMDQVRESR,False,True
TAARLLVPASPPASL,False,True
TAAWIYVFPKEKELL,False,True
TACGIPINYNASKEW,False,True
TAIANQATVLMGLGK,False,True
TAIANQATVLMGLGR,False,True
TAIFLTTLSRTSKKR,False,True
TAIGKLIVYCYNRLT,False,True
TAKLRWFVERNLVKP,False,True
TAKWLWGFLSRNKKP,False,True
TALMVIGMAMTTTLS,False,True
TALMVIGMAMTTVLS,False,True
TASILLWYAQIQPHW,False,True
TATPPGTADAFPQSN,False,True
TAVAVVAMAAIATFA,False,True
TAWDFGSIGGVFTSV,False,True
TAYGVLFSGVSWTMK,False,True
TCQTPKGAINTSLPF,False,True
TCYPGDFIDYEELRE,False,True
TDAWRFAMNYPRNPT,False,True
TDFQPHQLWTTLLSL,False,True
TDKMFFVKNPTDTGH,False,True
TDKTPVYSWEDIPYL,False,True
TDMMIFDLVHSYNRF,False,True
TDTILFIRAARRVHS,False,True
TDVLRYVILVGAAFA,False,True
TEALPDGLSVEDILN,False,True
TEDGKSILSALDKGS,False,True
TEFQPHQLWTTLLSL,False,True
TEGINKCTLIAMDLG,False,True
TEIRRSNAPRLVDLV,False,True
TEIYNHLVNSSANLS,False,True
TEKDSPVNIEAEPPF,False,True
TEMDYFIRMWNQAAL,False,True
TEQYKFQADSPKRLS,False,True
TFAYYKVILTVLQNL,False,True
TFIRSTMSLVMAWRT,False,True
TFKHKMVYEDTLTLF,False,True
TFPGFFSPMLGEFVS,False,True
TFRKLYLKRKLIYDA,False,True
TFSLHYAWKTMAMVL,False,True
TFSRMKYNICMGKCI,False,True
TFTFNSNNKEYTFPI,False,True
TFTNMEVQLIRQMEA,False,True
TFTNMEVQLIRQMES,False,True
TFVESWEDIPYLGKR,False,True
TFVLLLSGQITWRDM,False,True
TGARLLFRVRAHNMA,False,True
TGASYFTSVDQSSVH,False,True
TGEEVQVIAVEPGKN,False,True
TGGVPGVGTPAAAAA,False,True
TGKIINFIKFDTGNL,False,True
TGKPSINMLKRVRNR,False,True
TGLDFNEMVLLQMED,False,True
TGLDFNEMVLLQMEN,False,True
TGNLVVPRYAFAMER,False,True
TGRSADLELERAADV,False,True
TGTLAVFLLLIMGQL,False,True
TGTLVVFLLLTLGQL,False,True
THDVTTDRSQRLTLR,False,True
THFTTWTSIPTLAAQ,False,True
THPFHHDPPVIGREK,False,True
THVKINDKCPSTGEA,False,True
TIENSTANVSLAAIA,False,True
TIGIVLLSQSTIPET,False,True
TIGMANLILQIGNII,False,True
TIKDRSPYRTLMSCP,False,True
TILMTATPPGTSDEF,False,True
TIMAAFNGNTEGRTS,False,True
TIMAVLFAVTLIPLC,False,True
TIPIRSMPGTHDIRN,False,True
TIRVLALGNQEGSLK,False,True
TIRVLKMVEPWLKNN,False,True
TKAIKILTGFRKEIG,False,True
TKEWIQEKGSNSKST,False,True
TKGVERLKRMAISGD,False,True
TKHAILLAAVSFVTL,False,True
TKHAILLVAVSFVTL,False,True
TKHAVLLVAVSFMTL,False,True
TKKEEPVNIEAEPPF,False,True
TKKLWQAIRAQDVCG,False,True
TKKVRTNAAMGAVFT,False,True
TKPFEYLIATGNLRS,False,True
TKSGDYVSAITQAER,False,True
TKVIMGAVLIWVGIN,False,True
TKYKDYQQVGILHQH,False,True
TLALSLTFIRSTMPL,False,True
TLAVFLLLTMGQLTW,False,True
TLCIGYHANNSTDTV,False,True
TLCWLPFFLANVVKA,False,True
TLDFELIKTTAKEVA,False,True
TLDILTEIASLPTYL,False,True
TLDISNNRLESLPAH,False,True
TLFFLSGKGLGKTSI,False,True
TLILAPTRVVAAEME,False,True
TLILAPTRVVASEMA,False,True
TLKSEEFQKRLHPYK,False,True
TLLAVLTAAPLLLAA,False,True
TLLCLIPTVMAFHLS,False,True
TLLEDFIFRQKIQRF,False,True
TLLVDVEPKVKSKKR,False,True
TLQIMLQSGVDPSVT,False,True
TLSIRGNNIRYFILP,False,True
TLTILLKATLLAVSG,False,True
TLTVAWRTATLILAG,False,True
TLVTFKNPHAKKQDV,False,True
TLYAVATTFITPMLR,False,True
TLYAVATTFVTPMLR,False,True
TLYKKMEQDVKVAHQ,False,True
TLYLGAMVQADSGCV,False,True
TMAFDRYIAICNPVR,False,True
TMEAVGAYDVIVNGD,False,True
TMGVLCLAILFEEVM,False,True
TMKILIGVIITWIGM,False,True
TMLLMLLPTALAFHL,False,True
TMRLLSPVRVPNYNL,False,True
TMTLWYMWQVKTQRS,False,True
TMWHVTRGAVLTHNG,False,True
TNCLRKNGKRVIQLS,False,True
TNIFYHASSSRLLAV,False,True
TNIQVAINQVRRLIG,False,True
TNLFIMSLASADLVM,False,True
TNRAWNSLEVEDYGF,False,True
TNRAYAIASSVVSFY,False,True
TPAIAVNEAEYGEMW,False,True
TPKGAINTSLPFQNI,False,True
TPMFLLSRNTGEVRT,False,True
TPPGTADAFPQSNAP,False,True
TPVESWEDIPYLGKR,False,True
TPVESWEEVPYLGKR,False,True
TPVTMAEVRLAAMFF,False,True
TQFETYQLWTALISL,False,True
TQGKKMIRPQPMEHK,False,True
TQKGIIFILLMLVTP,False,True
TQKGVIFILLMLVTP,False,True
TQKLVKHYKISMANI,False,True
TQKVVIFILLMLVTP,False,True
TQPFLGLCAFLATRI,False,True
TQSIEESVSRSIVEM,False,True
TQTMKGVERLAVMGD,False,True
TRADLENEAKVLELL,False,True
TRALVRTGMDPRMCS,False,True
TRKNKKLALSSTPSN,False,True
TRLEAWLTEHGCNRL,False,True
TRVEMGEAAAIFMTA,False,True
TSGMVIFFMSPKGIS,False,True
TSIFKLTYQNKVVRV,False,True
TSIGLLCVMASSILL,False,True
TSLTQKVVIFILLML,False,True
TSPLLRYAAWTGGLA,False,True
TTANISLTAIANQAA,False,True
TTFHQTLQDPRVRGL,False,True
TTFSLHYAWKTMAMV,False,True
TTHFQRTLIFILLTA,False,True
TTIEDPVLAKKVPET,False,True
TTLALVSAPAGGRAA,False,True
TTLIAAAIAGTLVTT,False,True
TTLLSLTFIRTSLSL,False,True
TTMFGGVSWMVRILI,False,True
TTPYATAFSPFLTFA,False,True
TTSGTYVSAIAQAKA,False,True
TTSKMLLNRFTTRHR,False,True
TTVTFLPTPSLILQT,False,True
TTWALCEALTLATGP,False,True
TVAWRTATLILAGVS,False,True
TVDGITVIDLDPIPY,False,True
TVDGITVIDLEPIPY,False,True
TVDGITVIDLEPISY,False,True
TVDGIVTIDLDPVVY,False,True
TVEKAADVIWEEEAE,False,True
TVEKAADVTWEEEAE,False,True
TVEKVADVTWEEEAE,False,True
TVELLSFLPSDFFPS,False,True
TVENAADVTWEEEAE,False,True
TVRVLKMVEPWLKNN,False,True
TVVVGDANGILAQGK,False,True
TWALCEALTLATGPI,False,True
TWAQNILTAIQQVRS,False,True
TWNDLIRLCIMVGAN,False,True
TWQGGSGMASHIIYE,False,True
TWSSFASEQYECLRP,False,True
TWTLIKNMEKPGLKR,False,True
TWTSIPTLAAQFPFN,False,True
TYATFLVTWKGDEKT,False,True
TYGLNTFTNMEAQLV,False,True
TYGLNTFTNMEVQLI,False,True
TYGLNTFTNMEVQLV,False,True
TYGWNIVKLMSGKDV,False,True
TYLALIATFKIQPFL,False,True
TYLALLAAFKVRPTF,False,True
VAFLAGGPHAVYLLD,False,True
VAFLRFLTISPTAGI,False,True
VAGCYLKYKNKNSLS,False,True
VAGLLSAAGVPLLQS,False,True
VAHYAIIGPGLQAKA,False,True
VALMSAMTTSSSQKN,False,True
VAQVGPQVVNINTKL,False,True
VARIESKMVIVTQEQ,False,True
VARVNYDTTESKLRR,False,True
VASGLLWVAEIQPQW,False,True
VASVNMVSRLLLNRF,False,True
VATTFITPMLRHSIE,False,True
VATTLALVSAPAGGR,False,True
VAVSFVTLITGNMSF,False,True
VAVVAMAAIATFAAP,False,True
VDCYINLGARWSLDY,False,True
VDDRFATALIALNDM,False,True
VDGIMTIDLDPVIYD,False,True
VDGIVAIDLDPVVYD,False,True
VDGIVTIDLDPVVYD,False,True
VDLAKSLRIAAKIYS,False,True
VDMVRHRIKEHMLKK,False,True
VDPYFFQMTNTNPDQ,False,True
VDRQWAQDLTLPWQS,False,True
VDSITEVECFLTPEM,False,True
VDTPESLSGLYVFVV,False,True
VDVVAVLAYNDAYVM,False,True
VDYLKYMEVQSPTDN,False,True
VEAFPQSNAVIQDEE,False,True
VEENHPFTLRAPIQR,False,True
VEGDLLLKLNNYRYN,False,True
VEKVKRTRDELEVIH,False,True
VELIRGRPKENTIWT,False,True
VELLSFLPSDFFPSV,False,True
VEMGEAAAIFMTATP,False,True
VEPHWIAASIILEFF,False,True
VERLKRMAISGDDCV,False,True
VESWEEIPYLGKRED,False,True
VEVDRDTARRHLAEG,False,True
VEYGNLSLSGIAQSA,False,True
VEYLQVPSPSMGRDI,False,True
VFDSLQLSVCLHEVA,False,True
VFELSDEKAASPIVP,False,True
VFELSDERAANPIVP,False,True
VFFAEDVGSNKGAII,False,True
VFGAIYGAAFNGVSW,False,True
VFGAIYGAAFSGVSW,False,True
VFGAIYGAALSGVSW,False,True
VFGAIYGVAFSGVSW,False,True
VFGIELMEVDPIGHL,False,True
VFHTLWHTTKGAALM,False,True
VFKMSPGYVLGVFLR,False,True
VFLLLIMGQLTWNDL,False,True
VFLNNYDAENKLNDV,False,True
VFLTFVLLLSGQITW,False,True
VFPTKYHSGRLLFCF,False,True
VFTIKGLNPTAIFLT,False,True
VGAITTIEDPVLAKK,False,True
VGGITLFLGFTVQAD,False,True
VGGLFTSLGKAVHQV,False,True
VGINEWSGYSGSFVQ,False,True
VGKTVWFVPSIKAGN,False,True
VGLLFRRLTSREVLL,False,True
VGLYGNGVVTKNGGY,False,True
VGLYGNGVVTTSGTY,False,True
VGMGEAAAIFMTATP,False,True
VGMVSILASSLLKND,False,True
VGQYIATITQKLVKH,False,True
VGTKHATLLVAVSFV,False,True
VGTYGLNTFTNMEVQ,False,True
VGVITLYLGAMVQAD,False,True
VGVVTLYLGAMVQAD,False,True
VHFQPLPPAVVKLSD,False,True
VHVSFVMAYPEMLAA,False,True
VIDAIRFENANVKSP,False,True
VIDIKALSSAVGKDA,False,True
VIGILTLAAIIAANE,False,True
VIHLIEEHRLVREHL,False,True
VIHRIRTLIGQEKYT,False,True
VIKILTYPWDRIEEV,False,True
VILAGPCILRQLRHL,False,True
VIYTYPNKVFCGIVA,False,True
VKGFSFKYGNGVWIG,False,True
VKHYKISMANIRLIG,False,True
VKLESTRIYQILAIY,False,True
VKLMSGKDVFYLPPE,False,True
VKLTMEYDDKVSKSH,False,True
VKLVMAFIAFLRFLA,False,True
VKNGTYDYPKYSEEA,False,True
VKNNVIIQLNRIDND,False,True
VKPIDDRFANALLAL,False,True
VLASVSATHAKSSPY,False,True
VLFTFVLLLSGQITW,False,True
VLFVVTLIPLCRTSC,False,True
VLGMALFLEEMLRTR,False,True
VLGVFLRKLTSRETA,False,True
VLIIKGLNPTAIFLT,False,True
VLKDFTLEGTLAADG,False,True
VLKNFTLEGKVANDK,False,True
VLKSYVLEGTLTAEK,False,True
VLLLVTHYAIIGPGL,False,True
VLLYTFATANADTLC,False,True
VLMHKGKRIEPSWAD,False,True
VLMMLVAPSYGMRCI,False,True
VLMVVVIPEPGQQRS,False,True
VLPRGKLSTRGVQIA,False,True
VLRGFKKEISSMLNI,False,True
VLRGFRKEIGRMLNI,False,True
VLRIVNEPTAAALAY,False,True
VLSAFDERRNKYLEE,False,True
VLSFIKGTKVLPRGK,False,True
VLSIVENLTNDIDPE,False,True
VLSIVSLFPLCLSTT,False,True
VLSSPLALAGDTRPR,False,True
VLSVLSLMERNSPVV,False,True
VLTIKGLNPTAIFLT,False,True
VLTPLLKHLITSDYI,False,True
VLVKITDKNYEHIAA,False,True
VLVLWGIHHPSTSAD,False,True
VMELVRMIKRGINDR,False,True
VMRIVNEPTAAAIAY,False,True
VNGKWMRELILYDKE,False,True
VNGVVRLLTKPWDVI,False,True
VNGVVRLLTKPWDVV,False,True
VNLYLQASYTYLSLG,False,True
VNMISRMLINRFTMK,False,True
VNPLTLIAAVLMLVA,False,True
VNPTTLIASLVMLLV,False,True
VNPYKWLPVYNAEVV,False,True
VNSDTVGWSWPDGAE,False,True
VNTISKMLLNRFTTR,False,True
VPDYASLRSLVASRG,False,True
VPDYASLRSLVASSG,False,True
VPFCSHHFHKIFMKD,False,True
VPFVYNAAAYARKGF,False,True
VPPPVIAENRAELMI,False,True
VPSPSMGRDIKVQFQ,False,True
VPVKKATVVYQGERV,False,True
VPWISDTPYRVNRYT,False,True
VQGKKMIRPQPMEYK,False,True
VQLIRQMESEGIFLP,False,True
VQPFLALGFFLRKLT,False,True
VQQLTKRFSLGMLQG,False,True
VQQVYYSIGALAKAV,False,True
VQQYQSLYGTFHSSY,False,True
VRAYHAMSSTHEANT,False,True
VRDLRDFCDLRDSRD,False,True
VREAIKKKLRTLILA,False,True
VREAIKRGLRTLILA,False,True
VREAIKRKLRTLILA,False,True
VREAIKRKLRTLVLA,False,True
VREAIKRRLRTLVLA,False,True
VREALKRRLRTLILA,False,True
VRIGSKGDVFVIREP,False,True
VRILIGFLVLWIGTN,False,True
VRKLKARVDELERIR,False,True
VRPTFAAGLLLRKLT,False,True
VRRGVRSLSNKIKQK,False,True
VRSMVSAGSGEVDSF,False,True
VRSNAAIGAVFQEEQ,False,True
VRSNAALGAIFTDEN,False,True
VRSQLKNNAKEIGNG,False,True
VRTNAAMGAVFTEEN,False,True
VRVQRPAKSGTVMDV,False,True
VSAVNMTSRMLLNRF,False,True
VSCRVKLSALTLKGT,False,True
VSDYGYNEALAVSPL,False,True
VSFNQNLEYQIGYIC,False,True
VSFVTLITGNMSFRD,False,True
VSGGSWVDIVLEHGS,False,True
VSGIFPYSIPATLLV,False,True
VSGVYPLSIPATLFV,False,True
VSGVYPMSIPATLFV,False,True
VSGWAIYSKDNSVRI,False,True
VSILLSSLLKNDVPL,False,True
VSIWNPILLWQPIPV,False,True
VSLAAIANQAVVLMG,False,True
VSLVLVGVVTLYLGA,False,True
VSPMCAWCSDEALPL,False,True
VSRLLLNRFTMTHRR,False,True
VSSVNMVSRLLLNRF,False,True
VTGGIFLFLMSGKGI,False,True
VTHSVNLLEDKHNGK,False,True
VTKNGGYVSGIAQTN,False,True
VTKSGGYVSGIAQTN,False,True
VTLSESCGHRGPATR,False,True
VTLYLGVMVQADSGC,False,True
VTMTLWYMWQVKTQR,False,True
VTQQAGLVKSELEAQ,False,True
VTRNGAYVSAIAQTE,False,True
VTRSGAYVSAIAQTE,False,True
VTTSGTYVSAIAQAK,False,True
VTYLALIATFKIQPF,False,True
VTYLALLAAFKVRPT,False,True
VVATTLALVSAPAGG,False,True
VVGLSMAASSALTLA,False,True
VVGRIISSTPFAEYT,False,True
VVHFFKNIVTPRTPP,False,True
VVIGILTLAAIIAAN,False,True
VVIGILTLAAIVAAN,False,True
VVIPEPGQQRSIQDN,False,True
VVITLCAIILGGLTW,False,True
VVQDPKNVYQRGTHP,False,True
VVRHCPHHERCSDSD,False,True
VVRPPFNMLKRERNR,False,True
VVSLGAISFWMCSNG,False,True
VVSVSPLLLTSSQQK,False,True
VVTLIPLCRTSCLQK,False,True
VVTLYLGAMVQADSG,False,True
VVTRNGAYVSAIAQT,False,True
VVTRSGAYVSAIAQT,False,True
VVTTSGTYVSAIAQA,False,True
VVVATTLALVSAPAG,False,True
VVVLNRKTFEREYPT,False,True
VVVQDPKNVYQRGTH,False,True
VWNLNRMSVYNAGNA,False,True
VYGPAVASGYDFERE,False,True
VYLMTLMKGASKRSW,False,True
VYNMMGKREKKLGEF,False,True
VYPFLASNAALLNLI,False,True
VYRIKQQGIFGKTQV,False,True
VYRIKQQGILGKTQV,False,True
VYTTMFGGVSWMIRI,False,True
VYYSIGALAKAVYEK,False,True
WASVRFSWLSLLVPF,False,True
WCDERVSSDQSALSE,False,True
WCNLTSTWVMYGTCT,False,True
WDFGSLGGVFTSIGK,False,True
WDSAKAAVEDEDFWK,False,True
WDSAKAAVEDEEFWK,False,True
WDSARAAVEDEEFWK,False,True
WDSARAAVEDEEFWN,False,True
WDSARAVVEDEEFWK,False,True
WDVIPMVTQLAMTDT,False,True
WDVIPMVTQMAMTDT,False,True
WDVVPMVIQMAMTDT,False,True
WDVVPMVTQMAMTDT,False,True
WELVDEERKLHQQGR,False,True
WEPSKGWNDWQQVPF,False,True
WGQLKKNKAIKILIG,False,True
WGQLKKNKAIKILTG,False,True
WGRRLMIGTAAAVVL,False,True
WGSFKKNGAIKVLRG,False,True
WGSFKKSGAVKVLRG,False,True
WGTFKKLGAIKVLKG,False,True
WGTFKKLGAIKVLRG,False,True
WGTFKKSGAIKVLKG,False,True
WGTFKKSGAIKVLKS,False,True
WGTFKKSGAIKVLRG,False,True
WGTFKKSGAIRVLRG,False,True
WHLGKLEMDFDFCEG,False,True
WHSNLNDATYQRTRA,False,True
WHVTRGAVLMYQGKR,False,True
WHVTRGAVLTYNGKR,False,True
WIGRTKSISSRNGFE,False,True
WILRHPGFTIMAAIL,False,True
WIREWGRDYVSELPT,False,True
WKSFFSRTWSRLSLH,False,True
WLAHKQWFLDLPLPW,False,True
WLFENGEERLSRMAV,False,True
WLSVIWMMWYWGPSL,False,True
WLTIGISGPDNGAVA,False,True
WLVHKQWFLDLPLPW,False,True
WLVHRQWFLDLPLPW,False,True
WLWRTLGRNKRPRLC,False,True
WLYFYKLHPEKLPKT,False,True
WMIKETACLSKAYAN,False,True
WMVHRQWFFDLPLPW,False,True
WMVHRQWLFDLPLPW,False,True
WNLVRLQSGVDVFFI,False,True
WNLVRLQSGVDVFFT,False,True
WNSAKEAVEDERFWD,False,True
WNTGEEVQVIAVEPG,False,True
WQKGEEVQVIAVEPG,False,True
WQLMYFHRRDLRLAA,False,True
WRDMAHTLIMIGSNA,False,True
WRTATLILAGVSLLP,False,True
WSPRERLVLTLGAAM,False,True
WSRKMLMTGTLAVFL,False,True
WSSFKKNGAIKVLRG,False,True
WSYMHISGQDASEYL,False,True
WTLYAVATTFITPML,False,True
WTLYAVATTIITPMM,False,True
WTLYAVATTVITPML,False,True
WTLYAVATTVITPMM,False,True
WTNTPTKWDNSFLEI,False,True
WTVYVGIVTMLSPML,False,True
WTYNAELLVLLENER,False,True
WVHQIALRMEVLGCE,False,True
WYMWLGAAFLEFEAL,False,True
WYMWLGARFLEFEAL,False,True
WYMWLGARYLEFEAL,False,True
YAAASAVAARLNPLT,False,True
YADRRWCFDGIKNNQ,False,True
YAGTLQSLGAEIAVE,False,True
YAQIQPHWIAASIIL,False,True
YCLGISHMEPSFGLI,False,True
YDERPGPSPLPHRDR,False,True
YDTLGTLCNSTEDGP,False,True
YEELREQLSSVSSFE,False,True
YEGRLIQNSLTIERM,False,True
YEHERDMHSAYKHAD,False,True
YEKVRSQLKNNAKEI,False,True
YEMKFNNNFDKDVVD,False,True
YEQLNDSSEEEDEID,False,True
YEQMETDGERQNATE,False,True
YESYKFIPALEAAVK,False,True
YFALEAYAFDIAAPG,False,True
YFHRRDLRLAANAIC,False,True
YFNGHVEAVAYTVVS,False,True
YFSLNNKFRNPTVAP,False,True
YFTSVDQSSVHTAEV,False,True
YGEMWAQDAAAMFGY,False,True
YGFGIFTTNIWLKLR,False,True
YGFGVFTTNIWLKLR,False,True
YGLNTFTNMEVQLVR,False,True
YGWNIVKLMSGKDVF,False,True
YGWNLVRLQSGVDVF,False,True
YGYAAASAVAARLNP,False,True
YHATYSLYLFPHWTK,False,True
YHGSYEAPSTGSASS,False,True
YHIFYQILSNKKPEL,False,True
YHLLCLERDLQRLIG,False,True
YHYEECSCYPDSSEI,False,True
YICSGIFGDNPRPND,False,True
YIFESIGAKRTLTIS,False,True
YIQMCTELKLSDYEG,False,True
YIVIGAGEKALKLSW,False,True
YKEFGATVELLSFLP,False,True
YKHGKDFEAIQNNIA,False,True
YKICTDKMFFVKNPT,False,True
YKTALGAVRFNTRRT,False,True
YKTWAYHGSYEVKAT,False,True
YLALLAAFKVRPTFA,False,True
YLALMATFKMRPMFA,False,True
YLAPENGYLMEAAPE,False,True
YLDYMTSMKRFKNES,False,True
YLEFEALGFLNEDHW,False,True
YLMGLNSADLLKGLC,False,True
YLRNFLAAPPPQRAA,False,True
YMPSVIEKMEALQRK,False,True
YMWLGARFLEFEALG,False,True
YNASKEWADKKVILF,False,True
YNDAYVMSAWGKANQ,False,True
YNGIITDTIKSWRNN,False,True
YNMMGKREKKLSEFG,False,True
YNYPAMLGHAGDMAG,False,True
YPKLSKSYINDKGKE,False,True
YPNKVFCGIVAHQRG,False,True
YPPGSRTQLREDLLP,False,True
YPVYPFLASNAALLN,False,True
YQLWTALVSLTCSNT,False,True
YQRTRALVRTGMDPR,False,True
YRMLEPTRVVNWEVI,False,True
YRNIEFFTKNSAFPK,False,True
YRVNRYTKSAHQKGE,False,True
YRWIREWGRDYVSEL,False,True
YSGVKELILAVDGVL,False,True
YSKDNSVRIGSKGDV,False,True
YSKKFKPEIAIRPKV,False,True
YTFATANADTLCIGY,False,True
YTKKLWQAIRAQDVC,False,True
YTMYVKSVRIENANP,False,True
YTQMVWANTKEVGCG,False,True
YTTMFGGVSWMIRIL,False,True
YTTMFGGVSWMVRIL,False,True
YVAQVWANQCQYGHD,False,True
YVIRAQLHVGAKQEN,False,True
YVITGTSADLTVEKA,False,True
YVLPLRGKLSFWEAG,False,True
YVMSAWGKANQVTGD,False,True
YVNRSLPGLIGCHRK,False,True
YWTLVEPGDKITFEA,False,True
YWVSGASGNIVSSVN,False,True
YWVSGVSGNIVSSVN,False,True
YYTYSGSIPYLDGTF,False,True
YYYSEPTSENNAHHV,False,True
